,Date,Event,Favourite  Wins,Underdog  Wins,Avg Winner  Odds,Favourites  (ROI),Underdogs  (ROI),url
225,2019-10-12,UFC on ESPN+ 19,10,4,+-100,$15.76 (11%),$-42.60 (-30%),https://www.betmma.tips/mma_event_betting_history.php?Event=507
224,2019-10-05,UFC 243,8,3,+-100,$16.93 (15%),$-11.00 (-10%),https://www.betmma.tips/mma_event_betting_history.php?Event=519
223,2019-09-28,UFC Fight Night 160,6,7,+-100,$-36.36 (-28%),$76.60 (59%),https://www.betmma.tips/mma_event_betting_history.php?Event=509
222,2019-09-21,UFC Fight Night 159,6,4,+-100,$-4.48 (-4%),$4.10 (4%),https://www.betmma.tips/mma_event_betting_history.php?Event=527
221,2019-09-14,UFC Fight Night 158,5,6,+-100,$-25.28 (-23%),$60.10 (55%),https://www.betmma.tips/mma_event_betting_history.php?Event=528
220,2019-09-07,UFC 242,7,5,+-100,$-19.37 (-15%),$13.80 (11%),https://www.betmma.tips/mma_event_betting_history.php?Event=486
219,2019-08-31,UFC Fight Night 157,5,5,+-100,$-14.31 (-13%),$42.30 (38%),https://www.betmma.tips/mma_event_betting_history.php?Event=503
218,2019-08-17,UFC 241,6,6,+-100,$-28.02 (-23%),$86.10 (72%),https://www.betmma.tips/mma_event_betting_history.php?Event=477
217,2019-08-10,UFC Fight Night 156,9,4,+-100,$15.88 (12%),$-38.00 (-29%),https://www.betmma.tips/mma_event_betting_history.php?Event=500
216,2019-08-03,UFC on ESPN 5,6,6,+-100,$-33.29 (-28%),$21.50 (18%),https://www.betmma.tips/mma_event_betting_history.php?Event=510
215,2019-07-20,UFC on ESPN 4,8,5,+-100,$9.85 (8%),$7.80 (6%),https://www.betmma.tips/mma_event_betting_history.php?Event=487
214,2019-07-13,UFC Fight Night 155,4,8,+-100,$-55.90 (-47%),$102.30 (85%),https://www.betmma.tips/mma_event_betting_history.php?Event=490
213,2019-07-06,UFC 239,9,3,-170,$1.15 (1%),$0.70 (1%),https://www.betmma.tips/mma_event_betting_history.php?Event=470
212,2019-06-29,UFC on ESPN 3,10,2,-172,$27.67 (23%),$-60.00 (-50%),https://www.betmma.tips/mma_event_betting_history.php?Event=476
211,2019-06-22,UFC Fight Night 154,7,4,-117,$-0.27 (-0%),$7.30 (7%),https://www.betmma.tips/mma_event_betting_history.php?Event=475
210,2019-06-08,UFC 238,9,3,-149,$17.92 (14%),$-44.50 (-34%),https://www.betmma.tips/mma_event_betting_history.php?Event=469
209,2019-06-01,UFC Fight Night 153,6,6,+106,$-16.17 (-13%),$48.00 (40%),https://www.betmma.tips/mma_event_betting_history.php?Event=465
208,2019-05-18,UFC Fight Night 152,7,6,-145,$-39.60 (-30%),$38.40 (30%),https://www.betmma.tips/mma_event_betting_history.php?Event=462
207,2019-05-11,UFC 237,9,3,-142,$24.41 (20%),$-40.40 (-34%),https://www.betmma.tips/mma_event_betting_history.php?Event=447
206,2019-05-04,UFC Fight Night 150,7,5,-139,$-14.49 (-12%),$-8.00 (-7%),https://www.betmma.tips/mma_event_betting_history.php?Event=458
205,2019-04-27,UFC on ESPN 3,8,4,-107,$7.96 (6%),$-15.00 (-12%),https://www.betmma.tips/mma_event_betting_history.php?Event=457
204,2019-04-20,UFC Fight Night 149,8,2,-145,$21.15 (19%),$-39.50 (-36%),https://www.betmma.tips/mma_event_betting_history.php?Event=461
203,2019-04-13,UFC 236,8,5,-112,$2.36 (2%),$-0.40 (-0%),https://www.betmma.tips/mma_event_betting_history.php?Event=456
202,2019-03-30,UFC on ESPN 2,6,7,-118,$-41.55 (-32%),$43.30 (33%),https://www.betmma.tips/mma_event_betting_history.php?Event=448
201,2019-03-23,UFC Fight Night 148,6,6,-118,$-33.21 (-28%),$44.30 (37%),https://www.betmma.tips/mma_event_betting_history.php?Event=453
200,2019-03-16,UFC Fight Night 147,8,3,-105,$19.81 (17%),$-31.50 (-26%),https://www.betmma.tips/mma_event_betting_history.php?Event=446
199,2019-03-09,UFC Fight Night 146,8,5,-121,$-2.48 (-2%),$-6.30 (-5%),https://www.betmma.tips/mma_event_betting_history.php?Event=436
198,2019-03-02,UFC 235,8,4,-135,$-1.33 (-1%),$-1.50 (-1%),https://www.betmma.tips/mma_event_betting_history.php?Event=444
197,2019-02-23,UFC Fight Night 145,10,3,-130,$31.52 (24%),$-33.10 (-25%),https://www.betmma.tips/mma_event_betting_history.php?Event=445
196,2019-02-17,UFC on ESPN 1,7,5,-131,$-12.43 (-10%),$-1.40 (-1%),https://www.betmma.tips/mma_event_betting_history.php?Event=443
195,2019-02-09,UFC 234,9,1,-163,$30.53 (28%),$-80.00 (-73%),https://www.betmma.tips/mma_event_betting_history.php?Event=435
194,2019-02-02,UFC Fight Night 144,5,7,+123,$-39.45 (-30%),$74.90 (58%),https://www.betmma.tips/mma_event_betting_history.php?Event=434
193,2019-01-19,UFC on ESPN+ 1,6,7,-113,$-45.78 (-35%),$75.70 (58%),https://www.betmma.tips/mma_event_betting_history.php?Event=433
192,2018-12-29,UFC 232,8,4,-116,$4.40 (3%),$-25.70 (-20%),https://www.betmma.tips/mma_event_betting_history.php?Event=399
191,2018-12-15,Fight Night Milwaukee,7,5,-130,$-17.10 (-14%),$18.50 (15%),https://www.betmma.tips/mma_event_betting_history.php?Event=423
190,2018-12-08,UFC 231,9,4,-124,$10.76 (8%),$4.00 (3%),https://www.betmma.tips/mma_event_betting_history.php?Event=406
189,2018-12-01,UFC Fight Night 142,9,3,-162,$10.79 (9%),$-20.90 (-17%),https://www.betmma.tips/mma_event_betting_history.php?Event=407
188,2018-11-30,TUF Finale,10,2,-146,$30.69 (24%),$-77.10 (-59%),https://www.betmma.tips/mma_event_betting_history.php?Event=403
187,2018-11-24,UFC Fight Night 141,7,5,-144,$-23.49 (-20%),$21.10 (18%),https://www.betmma.tips/mma_event_betting_history.php?Event=409
186,2018-11-17,UFC Fight Night 140,7,5,-127,$-16.44 (-14%),$12.60 (11%),https://www.betmma.tips/mma_event_betting_history.php?Event=408
185,2018-11-10,UFC Fight Night Denver,10,2,-158,$35.82 (30%),$-67.50 (-56%),https://www.betmma.tips/mma_event_betting_history.php?Event=394
184,2018-11-03,UFC 230,6,5,-131,$-32.70 (-27%),$54.80 (46%),https://www.betmma.tips/mma_event_betting_history.php?Event=392
183,2018-10-27,UFC Fight Night 138,8,5,-131,$-13.22 (-10%),$23.40 (18%),https://www.betmma.tips/mma_event_betting_history.php?Event=393
182,2018-10-06,UFC 229,7,5,-134,$-19.01 (-16%),$12.70 (11%),https://www.betmma.tips/mma_event_betting_history.php?Event=391
181,2018-09-22,UFC Fight Night Sao Paulo,9,3,-131,$11.86 (8%),$-29.70 (-21%),https://www.betmma.tips/mma_event_betting_history.php?Event=383
180,2018-09-15,UFC FIght Night Moscow,10,2,-263,$11.38 (9%),$-75.00 (-63%),https://www.betmma.tips/mma_event_betting_history.php?Event=382
179,2018-09-08,UFC 228,9,4,-144,$8.30 (6%),$-29.20 (-22%),https://www.betmma.tips/mma_event_betting_history.php?Event=380
178,2018-08-25,UFC Fight Night 135,8,4,-146,$-2.72 (-2%),$-15.00 (-12%),https://www.betmma.tips/mma_event_betting_history.php?Event=381
177,2018-08-04,UFC 227,8,4,-140,$-0.88 (-1%),$-1.50 (-1%),https://www.betmma.tips/mma_event_betting_history.php?Event=344
176,2018-07-28,UFC on Fox 30,9,3,-146,$20.23 (16%),$-50.50 (-39%),https://www.betmma.tips/mma_event_betting_history.php?Event=358
175,2018-07-22,UFC Fight Night 134,7,6,-129,$-25.60 (-20%),$8.40 (6%),https://www.betmma.tips/mma_event_betting_history.php?Event=352
174,2018-07-14,UFC Fight Night 133,7,6,-106,$-8.82 (-7%),$10.30 (8%),https://www.betmma.tips/mma_event_betting_history.php?Event=359
173,2018-07-07,UFC 226,3,7,+157,$-47.26 (-43%),$94.60 (86%),https://www.betmma.tips/mma_event_betting_history.php?Event=327
172,2018-07-07,TUF 27 Finale,6,6,-105,$-22.10 (-18%),$30.50 (25%),https://www.betmma.tips/mma_event_betting_history.php?Event=361
171,2018-06-23,UFC Fight Night 132,9,4,-153,$2.22 (2%),$-30.50 (-23%),https://www.betmma.tips/mma_event_betting_history.php?Event=360
170,2018-06-09,UFC 225,11,2,-149,$45.63 (35%),$-79.00 (-61%),https://www.betmma.tips/mma_event_betting_history.php?Event=329
169,2018-06-01,UFC Fight Night 131,10,2,-183,$27.08 (23%),$-74.20 (-62%),https://www.betmma.tips/mma_event_betting_history.php?Event=337
168,2018-05-27,UFC Fight Night 130,5,6,-117,$-40.99 (-37%),$61.00 (55%),https://www.betmma.tips/mma_event_betting_history.php?Event=343
167,2018-05-12,UFC 224,9,3,-164,$13.31 (10%),$-55.00 (-42%),https://www.betmma.tips/mma_event_betting_history.php?Event=332
166,2018-04-21,UFC Fight Night 128,9,2,-142,$35.16 (32%),$-59.00 (-54%),https://www.betmma.tips/mma_event_betting_history.php?Event=328
165,2018-04-14,UFC on Fox 29,9,5,-134,$-0.15 (-0%),$-10.90 (-8%),https://www.betmma.tips/mma_event_betting_history.php?Event=326
164,2018-04-07,UFC 223,4,5,-146,$-36.12 (-40%),$18.30 (20%),https://www.betmma.tips/mma_event_betting_history.php?Event=323
163,2018-03-17,UFC Fight Night 127,4,6,+116,$-40.97 (-41%),$113.90 (114%),https://www.betmma.tips/mma_event_betting_history.php?Event=322
162,2018-03-03,UFC 222,8,4,-125,$8.54 (7%),$1.70 (1%),https://www.betmma.tips/mma_event_betting_history.php?Event=321
161,2018-02-24,UFC on Fox 28,6,6,+-100,$-23.97 (-20%),$61.00 (51%),https://www.betmma.tips/mma_event_betting_history.php?Event=319
160,2018-02-18,UFC Fight Night 126,7,4,+-100,$0.80 (1%),$-8.00 (-7%),https://www.betmma.tips/mma_event_betting_history.php?Event=320
159,2018-02-10,UFC 221,9,3,+-100,$25.73 (21%),$-43.30 (-36%),https://www.betmma.tips/mma_event_betting_history.php?Event=311
158,2018-02-04,UFC Fight Night 125,5,4,-118,$-18.60 (-17%),$25.00 (23%),https://www.betmma.tips/mma_event_betting_history.php?Event=312
157,2018-01-27,UFC on Fox 27,9,3,+-100,$29.82 (25%),$-38.70 (-32%),https://www.betmma.tips/mma_event_betting_history.php?Event=306
156,2018-01-20,UFC 220,6,5,-124,$-18.56 (-17%),$8.90 (8%),https://www.betmma.tips/mma_event_betting_history.php?Event=305
155,2018-01-14,UFC Fight Night 124,6,5,-112,$-13.40 (-12%),$19.30 (18%),https://www.betmma.tips/mma_event_betting_history.php?Event=304
154,2017-12-31,UFC 219,5,4,-110,$-16.94 (-17%),$38.90 (39%),https://www.betmma.tips/mma_event_betting_history.php?Event=294
153,2017-12-16,UFC on Fox 26 Lawler vs. dos Anjos,7,4,-101,$10.98 (10%),$3.90 (4%),https://www.betmma.tips/mma_event_betting_history.php?Event=299
152,2017-12-09,UFC Fight Night 123,8,5,-111,$-3.00 (-2%),$26.00 (20%),https://www.betmma.tips/mma_event_betting_history.php?Event=302
151,2017-12-02,TUF 26 Finale,7,3,+-100,$1.99 (2%),$11.50 (10%),https://www.betmma.tips/mma_event_betting_history.php?Event=303
150,2017-11-25,UFC Fight Night 122 Bisping vs. Gastellum,8,3,-125,$15.13 (13%),$-19.50 (-16%),https://www.betmma.tips/mma_event_betting_history.php?Event=295
149,2017-11-18,UFC Fight Night 121 Sydney,10,3,-148,$20.20 (16%),$-28.00 (-22%),https://www.betmma.tips/mma_event_betting_history.php?Event=286
148,2017-11-11,UFC Fight Night 120 Virginia,8,5,-133,$-12.17 (-9%),$11.80 (9%),https://www.betmma.tips/mma_event_betting_history.php?Event=285
147,2017-11-04,UFC 217,4,5,+176,$-21.70 (-20%),$94.50 (86%),https://www.betmma.tips/mma_event_betting_history.php?Event=279
146,2017-10-21,UFC Fight Night 118 Gdansk,9,2,-175,$24.40 (22%),$-63.00 (-57%),https://www.betmma.tips/mma_event_betting_history.php?Event=280
145,2017-10-07,UFC 216,6,3,-124,$1.25 (1%),$22.00 (20%),https://www.betmma.tips/mma_event_betting_history.php?Event=275
144,2017-09-22,UFC Fight Night 117 St. Preux vs. Shogun 2,5,4,+102,$-14.50 (-15%),$18.80 (19%),https://www.betmma.tips/mma_event_betting_history.php?Event=274
143,2017-09-16,UFC Fight Night 116 Rockhold vs. Branch,8,2,-181,$15.80 (16%),$-42.50 (-43%),https://www.betmma.tips/mma_event_betting_history.php?Event=273
142,2017-09-09,UFC 215,4,7,+111,$-50.90 (-46%),$109.00 (99%),https://www.betmma.tips/mma_event_betting_history.php?Event=264
141,2017-09-02,UFC Fight Night Struve vs. Volkov,11,1,-200,$42.00 (35%),$-93.50 (-78%),https://www.betmma.tips/mma_event_betting_history.php?Event=263
140,2017-07-22,UFC on Fox 25,6,7,-105,$-40.90 (-31%),$61.60 (47%),https://www.betmma.tips/mma_event_betting_history.php?Event=252
139,2017-07-16,UFC Fight Night 113,9,2,-137,$22.70 (19%),$-58.00 (-48%),https://www.betmma.tips/mma_event_betting_history.php?Event=250
138,2017-07-08,UFC 213,10,0,-162,$51.00 (46%),$-100.00 (-91%),https://www.betmma.tips/mma_event_betting_history.php?Event=246
137,2017-07-07,TUF Season 25 Finale,7,4,-142,$-10.20 (-9%),$6.00 (5%),https://www.betmma.tips/mma_event_betting_history.php?Event=251
136,2017-06-25,UFC Fight Night 112,9,4,-134,$8.70 (7%),$-15.80 (-12%),https://www.betmma.tips/mma_event_betting_history.php?Event=240
135,2017-06-17,UFC Fight Night 111,10,2,-197,$18.80 (16%),$-45.90 (-38%),https://www.betmma.tips/mma_event_betting_history.php?Event=243
134,2017-06-10,UFC Fight Night 110 Hunt vs. Lewis,7,4,-146,$-7.30 (-7%),$-13.50 (-12%),https://www.betmma.tips/mma_event_betting_history.php?Event=241
133,2017-06-03,UFC 212 Aldo vs Holloway,9,3,-131,$22.00 (18%),$-29.00 (-24%),https://www.betmma.tips/mma_event_betting_history.php?Event=236
132,2017-05-28,UFC Fight Night 109 Gustafsson Vs Teixeira,7,5,-117,$-15.80 (-13%),$48.00 (40%),https://www.betmma.tips/mma_event_betting_history.php?Event=237
131,2017-05-13,UFC 211 - Miocic vs. Dos Santos,7,4,-131,$3.90 (4%),$-21.50 (-20%),https://www.betmma.tips/mma_event_betting_history.php?Event=233
130,2017-04-22,UFC Fight Night 108 Swanson vs. Lobov,11,2,-181,$35.70 (27%),$-84.50 (-65%),https://www.betmma.tips/mma_event_betting_history.php?Event=234
129,2017-04-15,UFC on Fox 24 - Johnson vs Reis,9,4,-147,$0.40 (0%),$-8.50 (-7%),https://www.betmma.tips/mma_event_betting_history.php?Event=235
128,2017-04-08,UFC 210 - Cormier vs. Johnson 2,8,5,-144,$-12.80 (-10%),$-6.90 (-5%),https://www.betmma.tips/mma_event_betting_history.php?Event=231
127,2017-03-18,UFC Fight Night 107 Manuwa vs. Anderson,6,5,-137,$-22.80 (-21%),$5.80 (5%),https://www.betmma.tips/mma_event_betting_history.php?Event=225
126,2017-03-11,UFC Fight Night 106 Belfort vs. Gastelum,9,2,-141,$33.90 (28%),$-53.50 (-45%),https://www.betmma.tips/mma_event_betting_history.php?Event=224
125,2017-03-04,UFC 209,6,5,+124,$-4.30 (-4%),$87.60 (80%),https://www.betmma.tips/mma_event_betting_history.php?Event=223
124,2017-02-19,UFC Fight Night 105 Lewis vs. Browne,8,3,-163,$7.20 (7%),$-33.00 (-30%),https://www.betmma.tips/mma_event_betting_history.php?Event=226
123,2017-02-11,UFC 208,8,2,-202,$12.40 (12%),$-54.20 (-54%),https://www.betmma.tips/mma_event_betting_history.php?Event=219
122,2017-02-04,UFC FN 104 K. Zombie vs. Bermudez,7,5,-116,$-13.00 (-11%),$33.40 (28%),https://www.betmma.tips/mma_event_betting_history.php?Event=221
121,2017-01-28,UFC on FOX 23 Shevchenko vs. Pena,9,3,-145,$25.00 (21%),$-58.60 (-49%),https://www.betmma.tips/mma_event_betting_history.php?Event=220
120,2017-01-15,UFC Fight Night 103 Rodriguez vs. Penn,10,2,-142,$44.90 (37%),$-74.00 (-62%),https://www.betmma.tips/mma_event_betting_history.php?Event=217
119,2016-12-31,UFC 207,6,3,-112,$10.30 (11%),$-11.50 (-13%),https://www.betmma.tips/mma_event_betting_history.php?Event=208
118,2016-12-17,UFC on Fox 22,9,4,-114,$22.20 (17%),$-17.80 (-14%),https://www.betmma.tips/mma_event_betting_history.php?Event=210
117,2016-12-10,UFC 206,6,5,-113,$-14.30 (-12%),$15.00 (13%),https://www.betmma.tips/mma_event_betting_history.php?Event=207
116,2016-12-09,UFC Fight Night 102 Albany,12,0,-219,$56.30 (47%),$-120.00 (-100%),https://www.betmma.tips/mma_event_betting_history.php?Event=209
115,2016-12-03,UFC - The Ultimate Fighter 24 Finale,8,4,-136,$7.40 (6%),$-26.20 (-22%),https://www.betmma.tips/mma_event_betting_history.php?Event=206
114,2016-11-26,UFC Fight Night 101,5,8,+116,$-38.80 (-30%),$82.50 (63%),https://www.betmma.tips/mma_event_betting_history.php?Event=205
113,2016-11-19,UFC Fight Night 100 Bader vs. Nogueira 2,8,4,-159,$-5.80 (-5%),$-25.20 (-21%),https://www.betmma.tips/mma_event_betting_history.php?Event=212
112,2016-11-19,UFC Fight Night 99 - Mousasi vs. Hall,10,3,-131,$31.90 (25%),$-42.50 (-33%),https://www.betmma.tips/mma_event_betting_history.php?Event=204
111,2016-11-12,UFC 205 - New York City,5,5,-115,$-23.10 (-21%),$24.80 (23%),https://www.betmma.tips/mma_event_betting_history.php?Event=203
110,2016-11-05,UFC Mexico City,8,5,-142,$-10.70 (-8%),$-12.20 (-9%),https://www.betmma.tips/mma_event_betting_history.php?Event=199
109,2016-10-08,UFC 204 - Bisping vs. Henderson 2,6,5,-128,$-23.40 (-21%),$20.50 (19%),https://www.betmma.tips/mma_event_betting_history.php?Event=197
108,2016-10-01,UFC Fight Night 96 - Lineker vs. Dodson,4,8,+123,$-52.70 (-44%),$114.00 (95%),https://www.betmma.tips/mma_event_betting_history.php?Event=196
107,2016-09-24,UFC Fight Night 95 - Brasilia,8,5,-128,$-8.90 (-7%),$33.00 (25%),https://www.betmma.tips/mma_event_betting_history.php?Event=192
106,2016-09-17,UFC Fight Night 94 - Poirier vs. Johnson,7,4,-151,$-7.70 (-6%),$-17.70 (-15%),https://www.betmma.tips/mma_event_betting_history.php?Event=194
105,2016-09-10,UFC 203 - Miocic vs. Overeem,9,1,-164,$43.00 (43%),$-77.00 (-77%),https://www.betmma.tips/mma_event_betting_history.php?Event=185
104,2016-09-03,UFC Fight Night - Arlovski vs. Barnett,7,3,-169,$0.20 (0%),$-30.70 (-28%),https://www.betmma.tips/mma_event_betting_history.php?Event=186
103,2016-08-27,UFC on Fox 21 - Condit vs. Maia,7,3,-150,$5.70 (6%),$-32.00 (-32%),https://www.betmma.tips/mma_event_betting_history.php?Event=191
102,2016-08-20,UFC 202 - Diaz vs. McGregor 2,9,3,-146,$20.10 (17%),$-42.00 (-35%),https://www.betmma.tips/mma_event_betting_history.php?Event=184
101,2016-08-06,UFC Fight Night 92 - Rodriguez vs. Caceres,11,1,-169,$52.90 (44%),$-98.00 (-82%),https://www.betmma.tips/mma_event_betting_history.php?Event=190
100,2016-07-30,UFC 201 - Lawler vs. Woodley,6,4,-118,$-3.30 (-3%),$5.50 (5%),https://www.betmma.tips/mma_event_betting_history.php?Event=181
99,2016-07-23,UFC on Fox 20 - Holm vs. Shevchenko,6,5,-131,$-24.20 (-22%),$18.50 (17%),https://www.betmma.tips/mma_event_betting_history.php?Event=177
98,2016-07-13,UFC Fight Night 91 - McDonald vs. Lineker,4,8,-100,$-64.40 (-54%),$90.00 (75%),https://www.betmma.tips/mma_event_betting_history.php?Event=180
97,2016-07-09,UFC 200 - Tate vs. Nunes,7,5,-146,$-19.90 (-17%),$0.50 (0%),https://www.betmma.tips/mma_event_betting_history.php?Event=171
96,2016-07-08,UFC - The Ultimate Fighter 23 Finale,9,3,-147,$21.00 (18%),$-49.90 (-42%),https://www.betmma.tips/mma_event_betting_history.php?Event=125
95,2016-07-07,UFC Fight Night - Dos Anjos vs. Alvarez,8,4,-140,$3.30 (3%),$-21.00 (-18%),https://www.betmma.tips/mma_event_betting_history.php?Event=176
94,2016-06-18,UFC Fight Night - MacDonald vs. Thompson,10,3,-140,$31.10 (24%),$-57.20 (-44%),https://www.betmma.tips/mma_event_betting_history.php?Event=167
93,2016-06-04,UFC 199 - Rockhold vs Bisping 2,7,5,-102,$-6.70 (-5%),$59.50 (46%),https://www.betmma.tips/mma_event_betting_history.php?Event=166
92,2016-05-29,UFC Fight Night - Almeida vs. Garbrandt,6,5,-108,$-12.60 (-11%),$25.50 (21%),https://www.betmma.tips/mma_event_betting_history.php?Event=170
91,2016-05-14,UFC 198 - Werdum vs. Miocic,6,5,-126,$-27.30 (-23%),$53.50 (45%),https://www.betmma.tips/mma_event_betting_history.php?Event=121
90,2016-05-08,UFC Fight Night - Overeem vs. Arlovski,9,4,-163,$-2.60 (-2%),$-33.50 (-26%),https://www.betmma.tips/mma_event_betting_history.php?Event=165
89,2016-04-23,UFC 197 - Jones vs. St Preux,10,2,-184,$25.60 (21%),$-68.00 (-57%),https://www.betmma.tips/mma_event_betting_history.php?Event=126
88,2016-04-16,UFC on Fox 19 - Teixeira vs. Evans,8,3,-146,$13.60 (12%),$-34.00 (-31%),https://www.betmma.tips/mma_event_betting_history.php?Event=123
87,2016-04-10,UFC Fight Night 86 - Zagreb,9,4,-130,$17.40 (13%),$-38.50 (-30%),https://www.betmma.tips/mma_event_betting_history.php?Event=124
86,2016-03-19,UFC Fight Night 84 - Hunt vs. Mir,5,7,-109,$-42.80 (-36%),$65.50 (55%),https://www.betmma.tips/mma_event_betting_history.php?Event=120
85,2016-03-05,UFC 196 - McGregor vs. Diaz,5,7,+117,$-41.90 (-35%),$109.10 (91%),https://www.betmma.tips/mma_event_betting_history.php?Event=119
84,2016-02-27,UFC Fight Night 84 - Silva vs. Bisping,10,3,-161,$18.61 (14%),$-48.69 (-37%),https://www.betmma.tips/mma_event_betting_history.php?Event=102
83,2016-02-21,UFC Fight Night 82 - Cerrone vs. Oliveira,9,4,-142,$6.00 (5%),$-22.07 (-17%),https://www.betmma.tips/mma_event_betting_history.php?Event=101
82,2016-02-06,UFC Fight Night 82 - Hendricks vs. Thompson,6,6,-126,$-37.30 (-31%),$50.80 (42%),https://www.betmma.tips/mma_event_betting_history.php?Event=100
81,2016-01-30,UFC on Fox 18 - Johnson vs. Bader,8,4,-113,$9.70 (7%),$0.80 (1%),https://www.betmma.tips/mma_event_betting_history.php?Event=66
80,2016-01-17,UFC Fight Night - Dillashaw vs. Cruz,6,7,-116,$-43.20 (-33%),$52.80 (41%),https://www.betmma.tips/mma_event_betting_history.php?Event=61
79,2016-01-02,UFC 195 - Lawler vs Condit,7,4,-123,$-2.70 (-2%),$3.20 (3%),https://www.betmma.tips/mma_event_betting_history.php?Event=52
78,2015-12-19,UFC on Fox 17 - Dos Anjos vs. Cerrone 2,5,7,+130,$-35.30 (-29%),$117.60 (98%),https://www.betmma.tips/mma_event_betting_history.php?Event=51
77,2015-12-12,UFC 194 - Aldo vs. McGregor,6,6,-128,$-34.30 (-29%),$55.40 (46%),https://www.betmma.tips/mma_event_betting_history.php?Event=50
76,2015-12-12,UFC - The Ultimate Fighter 22 Finale,7,3,-133,$14.90 (15%),$-33.80 (-34%),https://www.betmma.tips/mma_event_betting_history.php?Event=54
75,2015-12-10,UFC Fight Night - VanZant vs Namajunas,8,3,-174,$3.00 (3%),$-32.42 (-29%),https://www.betmma.tips/mma_event_betting_history.php?Event=55
74,2015-11-28,UFC Fight Night 79 - Henderson vs. Masvidal,5,6,-121,$-35.20 (-32%),$29.90 (27%),https://www.betmma.tips/mma_event_betting_history.php?Event=49
73,2015-11-21,UFC Fight Night 78 - Magny vs. Gastelum,7,6,-112,$-21.40 (-16%),$35.40 (27%),https://www.betmma.tips/mma_event_betting_history.php?Event=48
72,2015-11-14,UFC 193 - Rousey vs. Holm,8,5,-141,$-18.30 (-14%),$104.50 (80%),https://www.betmma.tips/mma_event_betting_history.php?Event=47
71,2015-11-07,UFC Fight Night 77: Belfort vs. Henderson 3,10,3,-178,$14.10 (11%),$-59.00 (-45%),https://www.betmma.tips/mma_event_betting_history.php?Event=46
70,2015-10-24,UFC Fight Night 76 - Holohan vs. Smolka,6,2,-130,$14.96 (15%),$-18.41 (-18%),https://www.betmma.tips/mma_event_betting_history.php?Event=45
69,2015-10-03,UFC 192 - Cormier vs. Gustafsson,9,3,-175,$7.61 (6%),$-48.67 (-41%),https://www.betmma.tips/mma_event_betting_history.php?Event=44
68,2015-09-26,UFC Fight Night - Barnett vs. Nelson,7,2,-150,$10.80 (11%),$0.70 (1%),https://www.betmma.tips/mma_event_betting_history.php?Event=40
67,2015-09-05,UFC 191 - Johnson vs. Dodson 2,5,6,-120,$-40.80 (-37%),$62.50 (57%),https://www.betmma.tips/mma_event_betting_history.php?Event=42
66,2015-08-23,UFC Fight Night 74 - Holloway vs. Oliveira,5,7,+104,$-45.40 (-38%),$85.20 (71%),https://www.betmma.tips/mma_event_betting_history.php?Event=39
65,2015-08-08,UFC Fight Night - St. Preux vs. Teixeira,9,3,-172,$7.90 (6%),$-42.10 (-32%),https://www.betmma.tips/mma_event_betting_history.php?Event=38
64,2015-08-01,UFC 190 - Rousey vs. Correia,9,4,-138,$2.32 (2%),$-1.76 (-1%),https://www.betmma.tips/mma_event_betting_history.php?Event=37
63,2015-07-25,UFC on Fox 16 - Dillashaw vs. Barao 2,7,5,-121,$-9.91 (-8%),$3.52 (3%),https://www.betmma.tips/mma_event_betting_history.php?Event=36
62,2015-07-18,UFC Fight Night - Bisping vs. Leites,10,2,-161,$35.10 (29%),$-67.82 (-57%),https://www.betmma.tips/mma_event_betting_history.php?Event=35
61,2015-07-15,UFC Fight Night - Mir vs. Duffee,9,2,-179,$19.20 (16%),$-62.00 (-52%),https://www.betmma.tips/mma_event_betting_history.php?Event=34
60,2015-07-12,UFC - The Ultimate Fighter 21 Finale,6,5,-128,$-18.62 (-17%),$17.96 (16%),https://www.betmma.tips/mma_event_betting_history.php?Event=33
59,2015-07-11,UFC 189 - McGregor vs. Mendes,6,5,-135,$-24.98 (-23%),$20.66 (19%),https://www.betmma.tips/mma_event_betting_history.php?Event=32
58,2015-06-27,UFC Fight Night - Machida vs. Romero,6,3,-147,$0.20 (0%),$-21.50 (-24%),https://www.betmma.tips/mma_event_betting_history.php?Event=31
57,2015-06-20,UFC Fight Night - Jedrzejczyk vs. Penne,7,4,-123,$-3.07 (-3%),$8.69 (8%),https://www.betmma.tips/mma_event_betting_history.php?Event=30
56,2015-06-13,UFC 188 - Velasquez vs. Werdum,4,7,-109,$-61.00 (-55%),$103.50 (94%),https://www.betmma.tips/mma_event_betting_history.php?Event=29
55,2015-06-06,UFC Fight Night - Boetsch vs. Henderson,6,6,+107,$-17.67 (-15%),$40.82 (34%),https://www.betmma.tips/mma_event_betting_history.php?Event=28
54,2015-05-30,UFC Fight Night - Condit vs. Alves,9,3,-148,$15.70 (13%),$-36.90 (-31%),https://www.betmma.tips/mma_event_betting_history.php?Event=27
53,2015-05-23,UFC 187 - Cormier vs. Johnson,8,2,-198,$1.13 (1%),$-8.90 (-8%),https://www.betmma.tips/mma_event_betting_history.php?Event=26
52,2015-05-16,UFC Fight Night - Edgar vs. Faber,8,4,-128,$7.30 (6%),$-11.70 (-10%),https://www.betmma.tips/mma_event_betting_history.php?Event=25
51,2015-05-09,UFC Fight Night - Hunt vs. Miocic,4,8,+107,$-57.99 (-48%),$89.11 (74%),https://www.betmma.tips/mma_event_betting_history.php?Event=24
50,2015-04-25,UFC 186 - Johnson vs. Horiguchi,11,1,-213,$37.30 (31%),$-91.40 (-76%),https://www.betmma.tips/mma_event_betting_history.php?Event=23
49,2015-04-18,UFC on Fox 15 - Rockhold vs. Machida,7,4,-122,$-2.60 (-2%),$27.60 (25%),https://www.betmma.tips/mma_event_betting_history.php?Event=22
48,2015-04-11,UFC Fight Night - Gonzaga vs. Cro Cop 2,7,5,-103,$-6.00 (-5%),$54.00 (45%),https://www.betmma.tips/mma_event_betting_history.php?Event=21
47,2015-04-04,UFC Fight Night - Mendes vs. Lamas,7,3,-146,$6.50 (7%),$-23.30 (-23%),https://www.betmma.tips/mma_event_betting_history.php?Event=20
46,2015-03-21,UFC Fight Night - Maia vs. LaFlare,8,4,-154,$-5.38 (-4%),$-14.76 (-12%),https://www.betmma.tips/mma_event_betting_history.php?Event=19
45,2015-03-14,UFC 185 - Pettis vs. Dos Anjos,7,5,-139,$-27.70 (-23%),$55.00 (46%),https://www.betmma.tips/mma_event_betting_history.php?Event=18
44,2015-02-28,UFC 184 - Rousey vs. Zingano,8,2,-186,$12.00 (12%),$-39.20 (-39%),https://www.betmma.tips/mma_event_betting_history.php?Event=17
43,2015-02-22,UFC Fight Night - Mir vs. Bigfoot,1,10,+221,$-95.50 (-87%),$293.00 (266%),https://www.betmma.tips/mma_event_betting_history.php?Event=16
42,2015-02-14,UFC Fight Night - Henderson vs Thatch,7,3,-166,$1.80 (2%),$-28.60 (-29%),https://www.betmma.tips/mma_event_betting_history.php?Event=15
41,2015-01-31,UFC 183 - Silva vs. Diaz,7,4,-146,$-9.10 (-8%),$-5.70 (-5%),https://www.betmma.tips/mma_event_betting_history.php?Event=14
40,2015-01-24,UFC on Fox 14 - Gustafsson vs. Johnson,5,7,-106,$-49.60 (-41%),$90.10 (75%),https://www.betmma.tips/mma_event_betting_history.php?Event=13
39,2015-01-18,UFC Fight Night - McGregor vs. Siver,9,2,-149,$22.00 (18%),$-64.00 (-53%),https://www.betmma.tips/mma_event_betting_history.php?Event=12
38,2015-01-03,UFC 182 - Jones vs. Cormier,7,4,-152,$-11.81 (-11%),$-4.31 (-4%),https://www.betmma.tips/mma_event_betting_history.php?Event=11
37,2014-12-20,UFC Fight Night - Machida vs. Dollaway,9,3,-166,$8.83 (7%),$-23.95 (-20%),https://www.betmma.tips/mma_event_betting_history.php?Event=10
36,2014-12-13,UFC on Fox 13 - Dos Santos vs. Miocic,8,4,-131,$-4.70 (-4%),$17.40 (15%),https://www.betmma.tips/mma_event_betting_history.php?Event=9
35,2014-12-12,UFC - The Ultimate Fighter 20 Finale,6,4,-159,$-17.80 (-18%),$-4.10 (-4%),https://www.betmma.tips/mma_event_betting_history.php?Event=7
34,2014-12-06,UFC 181 - Hendricks vs. Lawler 2,7,4,-163,$-16.30 (-15%),$-6.95 (-6%),https://www.betmma.tips/mma_event_betting_history.php?Event=6
33,2014-11-22,UFC Fight Night - Edgar vs. Swanson,8,4,-123,$2.10 (2%),$4.10 (3%),https://www.betmma.tips/mma_event_betting_history.php?Event=5
32,2014-11-15,UFC 180 - Werdum vs. Hunt,6,4,-123,$-11.70 (-12%),$18.40 (18%),https://www.betmma.tips/mma_event_betting_history.php?Event=3
31,2014-11-08,UFC Fight Night - Shogun vs. St. Preux,7,3,-153,$2.30 (2%),$-22.90 (-23%),https://www.betmma.tips/mma_event_betting_history.php?Event=2
30,2014-11-07,UFC Fight Night - Rockhold vs. Bisping,4,5,-130,$-35.80 (-36%),$47.00 (47%),https://www.betmma.tips/mma_event_betting_history.php?Event=1
29,2014-09-27,UFC 178 - Johnson vs. Cariaso,8,3,+-100,$0.10 (0%),$-30.20 (-27%),https://www.betmma.tips/mma_event_betting_history.php?Event=71
28,2014-09-20,UFC Fight Night 52 - Hunt vs. Nelson,9,3,+-100,$15.10 (13%),$-36.00 (-30%),https://www.betmma.tips/mma_event_betting_history.php?Event=72
27,2014-09-13,UFC Fight Night 51 - Bigfoot vs. Arlovski 2,8,3,+-100,$19.30 (18%),$-16.00 (-15%),https://www.betmma.tips/mma_event_betting_history.php?Event=73
26,2014-08-30,UFC 177 - Dillashaw vs. Soto,8,0,+-100,$45.00 (56%),$-80.00 (-100%),https://www.betmma.tips/mma_event_betting_history.php?Event=75
25,2014-08-23,UFC Fight Night 48 - Bisping vs. Le,7,3,+-100,$5.40 (5%),$-16.90 (-17%),https://www.betmma.tips/mma_event_betting_history.php?Event=77
24,2014-07-26,UFC on Fox 12 - Lawler vs. Brown,10,2,+-100,$26.70 (22%),$-44.80 (-37%),https://www.betmma.tips/mma_event_betting_history.php?Event=79
23,2014-07-19,UFC Fight Night 46 - McGregor vs. Brandao,8,2,+-100,$19.30 (19%),$-43.00 (-43%),https://www.betmma.tips/mma_event_betting_history.php?Event=81
22,2014-06-28,UFC Fight Night 44 - Swanson vs. Stephens,8,3,+-100,$6.90 (6%),$-28.30 (-26%),https://www.betmma.tips/mma_event_betting_history.php?Event=85
21,2014-06-14,UFC 174 - Johnson vs. Bagautinov,5,6,+-100,$-29.50 (-27%),$65.00 (59%),https://www.betmma.tips/mma_event_betting_history.php?Event=87
20,2014-06-07,UFC Fight Night 42 - Henderson vs. Khabilov,8,3,+-100,$2.80 (3%),$-44.50 (-40%),https://www.betmma.tips/mma_event_betting_history.php?Event=88
19,2014-05-10,UFC Fight Night 40 - Brown vs. Silva,6,7,+-100,$-48.20 (-37%),$166.10 (128%),https://www.betmma.tips/mma_event_betting_history.php?Event=92
18,2014-04-26,UFC 172 - Jones vs. Teixeira,7,3,+-100,$1.40 (1%),$-23.00 (-23%),https://www.betmma.tips/mma_event_betting_history.php?Event=93
17,2014-04-19,UFC on Fox 11 - Werdum vs. Browne,9,4,+-100,$-1.20 (-1%),$-25.70 (-20%),https://www.betmma.tips/mma_event_betting_history.php?Event=94
16,2014-04-16,UFC - The Ultimate Fighter Nations Finale,9,4,+-100,$-7.00 (-5%),$-28.10 (-22%),https://www.betmma.tips/mma_event_betting_history.php?Event=95
15,2014-03-23,UFC Fight Night 38 - Shogun vs. Henderson 2,1,9,+-100,$-84.40 (-77%),$235.70 (214%),https://www.betmma.tips/mma_event_betting_history.php?Event=97
14,2014-02-15,UFC Fight Night 36 - Machida vs. Mousasi,9,3,+-100,$14.50 (12%),$-40.90 (-34%),https://www.betmma.tips/mma_event_betting_history.php?Event=105
13,2014-02-01,UFC 169 - Barao vs. Faber 2,8,4,+-100,$-0.40 (-0%),$-22.50 (-19%),https://www.betmma.tips/mma_event_betting_history.php?Event=106
12,2014-01-25,UFC on Fox 10 - Henderson vs. Thomson,8,3,+-100,$7.50 (7%),$0.00 (0%),https://www.betmma.tips/mma_event_betting_history.php?Event=107
11,2014-01-04,UFC Fight Night 34 - Saffiedine vs. Lim,7,3,+-100,$4.90 (5%),$-26.50 (-27%),https://www.betmma.tips/mma_event_betting_history.php?Event=109
10,2013-12-28,UFC 168 - Weidman vs. Silva 2,7,4,+-100,$-10.60 (-10%),$-12.50 (-11%),https://www.betmma.tips/mma_event_betting_history.php?Event=110
9,2013-12-07,UFC Fight Night 33 - Hunt vs. Bigfoot,4,6,+-100,$-50.00 (-45%),$59.00 (54%),https://www.betmma.tips/mma_event_betting_history.php?Event=112
8,2013-11-30,UFC - The Ultimate Fighter 18 Finale,7,3,+-100,$3.20 (3%),$-30.90 (-31%),https://www.betmma.tips/mma_event_betting_history.php?Event=113
7,2013-11-16,UFC 167 - St. Pierre vs. Hendricks,10,2,+-100,$30.90 (26%),$-48.50 (-40%),https://www.betmma.tips/mma_event_betting_history.php?Event=114
6,2013-08-17,UFC Fight Night 26 - Shogun vs. Sonnen,7,6,+-100,$-23.00 (-18%),$67.00 (52%),https://www.betmma.tips/mma_event_betting_history.php?Event=142
5,2013-08-03,UFC 163 - Aldo vs. Korean Zombie,10,2,+-100,$18.80 (16%),$-42.50 (-35%),https://www.betmma.tips/mma_event_betting_history.php?Event=143
4,2013-07-27,UFC on Fox 8 - Johnson vs. Moraga,11,1,+-100,$43.00 (36%),$-87.00 (-73%),https://www.betmma.tips/mma_event_betting_history.php?Event=144
3,2013-05-25,UFC 160 - Velasquez vs. Bigfoot 2,8,4,+-100,$-8.60 (-7%),$-4.40 (-4%),https://www.betmma.tips/mma_event_betting_history.php?Event=150
2,2013-05-18,UFC on FX 8 - Belfort vs. Rockhold,12,1,+-100,$48.50 (37%),$-109.00 (-84%),https://www.betmma.tips/mma_event_betting_history.php?Event=151
1,2013-04-27,UFC 159 - Jones vs. Sonnen,8,3,+-100,$8.50 (8%),$-25.20 (-23%),https://www.betmma.tips/mma_event_betting_history.php?Event=173
