,TEAM,COUNTRY,WT CLASS
tito-ortiz,Team Punishment,USA,Catch Weight
chuck-liddell,The Pit,USA,Middleweight
forrest-griffin,Xtreme Couture,USA,Light Heavyweight
keith-jardine,Jackson-Wink MMA,USA,Light Heavyweight
chris-leben,Icon Fitness MMA,USA,Middleweight
jason-macdonald,Pure Fitness and MMA,Canada,Middleweight
andrei-arlovski,Jackson-Wink MMA,Belarus,Heavyweight
marcio-cruz,,Brazil,Heavyweight
michael-bisping,Wolfslair Academy,England,Light Heavyweight
eric-schafer,,USA,Light Heavyweight
thiago-alves,American Top Team,Brazil,Welterweight
tony-desouza,,Peru,Welterweight
gabriel-gonzaga,Team Link,Brazil,Heavyweight
carmelo-marrero,American Top Team,USA,Heavyweight
yushin-okami,Wajutsu Keishukai Tokyo,Japan,Welterweight
rory-singer,,USA,Light Heavyweight
anthony-perosh,Sinosic Perosh Martial Arts,Australia,Light Heavyweight
christian-wellisch,AKA (American Kickboxing Academy),Hungary,
assuerio-silva,,Brazil,Open Weight
tim-sylvia,,USA,Heavyweight
james-irvin,,USA,Light Heavyweight
stephan-bonnar,One Kick's MMA,USA,Light Heavyweight
joshua-burkman,The Pit Elevated Fight Team,USA,Welterweight
drew-fickett,,,Welterweight
jorge-rivera,,USA,Middleweight
melvin-guillard,Grudge Training Center,USA,Lightweight
josh-neer,Cesar Gracie Jiu-Jitsu,USA,Lightweight
jonathan-goulet,,Canada,
duane-ludwig,Grudge Training Center,USA,Welterweight
spencer-fisher,Miletich Martial Arts,USA,Lightweight
aaron-riley,Jackson-Wink MMA,USA,Lightweight
alex-karalexis,Team Sityodtong,USA,Welterweight
jason-von-flue,,,Lightweight
randy-couture,Xtreme Couture,USA,Heavyweight
justin-eilers,,USA,
brandon-vera,Alliance MMA,USA,Heavyweight
frank-mir,Frank Mir Gym,USA,Heavyweight
mike-van-arsdale,,USA,Light Heavyweight
renato-sobral,Reign MMA,Brazil,Light Heavyweight
nick-diaz,Cesar Gracie Jiu-Jitsu,USA,Middleweight
joe-riggs,MMA LAB,USA,Middleweight
alessio-sakara,American Top Team,Italy,Middleweight
elvis-sinosic,,Australia,Middleweight
gilbert-aldana,,USA,Heavyweight
paul-buentello,Grudge Training Center,USA,Heavyweight
branden-lee-hinkle,,,Middleweight
jeff-monson,American Top Team,USA,Heavyweight
mike-whitehead,Xtreme Couture,,Heavyweight
rich-franklin,,USA,Middleweight
david-loiseau,TriStar Gym,Canada,Middleweight
steve-vigneault,,,Welterweight
mike-swick,AKA (American Kickboxing Academy),USA,Middleweight
bj-penn,BJ Penn MMA,USA,Lightweight
georges-st-pierre,TriStar Gym,Canada,Welterweight
joe-doerksen,,Canada,Welterweight
nate-marquardt,High Altitude Martial Arts,USA,Middleweight
mark-hominick,Team Tompkins,Canada,Featherweight
yves-edwards,American Top Team,BAHAMAS,Lightweight
sam-stout,Team Tompkins,Canada,Lightweight
jason-lambert,Alliance MMA,USA,Heavyweight
rob-macdonald,,,
icho-larenas,,,Heavyweight
tom-murphy,TriStar Gym,USA,
sam-hoger,,USA,Light Heavyweight
rashad-evans,Blackzilians,USA,Light Heavyweight
joe-stevenson,Joe Stevenson's Cobra Kai,USA,Lightweight
luigi-fioravanti,Flawless MMA,USA,
luke-cummo,,USA,Welterweight
jon-fitch,AKA (American Kickboxing Academy),USA,Welterweight
brad-imes,,USA,Heavyweight
dan-christison,,USA,
ansar-chalangov,,,Welterweight
josh-koscheck,AKA (American Kickboxing Academy),USA,Welterweight
trevor-prangley,AKA (American Kickboxing Academy),South Africa,
chael-sonnen,Gracie Barra Portland,USA,Middleweight
sean-sherk,Minnesota Martial Arts Academy,USA,Lightweight
justin-levens,,,
evan-tanner,,USA,Heavyweight
karo-parisyan,,USA,Welterweight
nick-thompson,,,
scott-smith,Capital City Fighting Alliance,USA,Middleweight
david-terrell,,USA,Middleweight
terry-martin,,,
derrick-noble,,USA,
royce-gracie,Gracie Humaita,Brazil,Open Weight
matt-hughes,Finney's HIT Squad,USA,Welterweight
dean-lister,,USA,Middleweight
john-alessio,Xtreme Couture,Canada,
diego-sanchez,Jackson-Wink MMA,USA,Welterweight
jeremy-horn,,,
matt-wiman,Skrap Pack,USA,Lightweight
fabiano-scherner,,,Heavyweight
rick-davis,,,Lightweight
kenny-florian,Florian Martial Arts Center,USA,Lightweight
josh-haynes,,,Light Heavyweight
kendall-grove,,USA,Middleweight
ed-herman,Trials MMA and Fitness,USA,Light Heavyweight
wilson-gouveia,American Top Team,,Light Heavyweight
ross-pointon,,,
danny-abbadi,Chute Boxe,,Middleweight
kalib-starnes,,Canada,
solomon-hutcherson,,USA,
matt-hamill,,USA,Light Heavyweight
jesse-forbes,,,Light Heavyweight
wes-combs,,,
mike-nickels,,USA,Light Heavyweight
anderson-silva,Team Nogueira,Brazil,Middleweight
jorge-gurgel,Team Jorge Gurgel,Brazil,Lightweight
kristian-rothaermel,,,Light Heavyweight
dave-menne,,,Welterweight
jorge-santiago,Blackzilians,Brazil,Welterweight
ken-shamrock,Lion's Den,USA,Light Heavyweight
joe-jordan,,,Lightweight
hermes-franca,,,Featherweight
cheick-kongo,Wolfslair Academy,France,Heavyweight
kurt-pellegrino,,USA,Lightweight
yuki-sasaki,,,Welterweight
martin-kampmann,Xtreme Couture,Denmark,Middleweight
crafton-wallace,,,Welterweight
kristof-midoux,,France,Middleweight
jake-obrien,,USA,Heavyweight
forrest-petz,,USA,Lightweight
sammy-morgan,,USA,Lightweight
pat-healy,Sports Lab,USA,Lightweight
anthony-torres,,,Welterweight
jamie-varner,Arizona Combat Sports,USA,Lightweight
david-heath,,USA,Light Heavyweight
cory-walmsley,,,Light Heavyweight
alan-belcher,,,
gabe-ruediger,,,
joe-lauzon,,,
jens-pulver,,,
roger-huerta,,,
jason-dent,,,
eddie-sanchez,,,
mario-neto,,,
tyson-griffin,,,
david-lee,,,
chris-price,,,
seth-petruzelli,,,
dustin-hazelett,,,
marcus-davis,,,
kuniyoshi-hironaka,,,
dan-lauzon,,,
clay-guida,,,
justin-james,,,
junior-assuncao,,,
chris-lytle,,,
matt-serra,,,
patrick-cote,,,
travis-lutter,,,
rich-clementi,,,
din-thomas,,,
edwin-dewees,,,
jeremy-jackson,,,
pete-spratt,,,
pete-sell,,,
gideon-ray,,,
charles-mccarthy,,,
thales-leites,,,
drew-mcfedries,,,
dokonjonosuke-mishima,,,
gleison-tibau,,,
antoni-hardonk,,,
sherman-pendergarst,,,
hector-ramirez,,,
josh-shockman,,,
jeff-joslin,,,
shonie-carter,,,
victor-valimaki,,,
brock-larson,,,
keita-nakamura,,,
steve-byrnes,,,
logan-clark,,,
wanderlei-silva,,,
soa-palelei,,,
lyoto-machida,,,
rameau-thierry-sokoudjou,,,
luiz-cane,,,
manvel-gamburyan,,,
nate-mohr,,,
jordan-radev,,,
roan-carneiro,,,
mark-bocek,,,
doug-evans,,,
sean-salmon,,,
heath-herring,,,
chad-reiner,,,
mirko-filipovic,,,
john-halverson,,,
quinton-jackson,,,
marvin-eastman,,,
frankie-edgar,,,
diego-saraiva,,,
rex-holman,,,
jason-gilliam,,,
justin-mccully,,,
thiago-tavares,,,
naoyuki-kotani,,,
leonard-garcia,,,
fabricio-werdum,,,
matt-grice,,,
terry-etim,,,
jess-liaudin,,,
dennis-siver,,,
edilberto-de-oliveira,,,Welterweight
paul-taylor,Team Supreme,England,Welterweight
ivan-salaverry,AMC Pankration,Canada,Middleweight
houston-alexander,Grudge Training Center,,
thiago-silva,Blackzilians,Brazil,Heavyweight
jeremy-stephens,Alliance MMA,USA,Featherweight
jason-black,,USA,Welterweight
tamdan-mccrory,,USA,Middleweight
jeff-cox,,,Welterweight
anthony-johnson,Blackzilians,USA,Welterweight
luke-caudillo,,,
jason-tan,,,
colin-robinson,,,Heavyweight
stevie-lynch,,,Welterweight
nate-diaz,Cesar Gracie Jiu-Jitsu,USA,Lightweight
floyd-sword,,,Middleweight
brandon-melendez,,,Welterweight
cole-miller,American Top Team,USA,Featherweight
andy-wang,,,Lightweight
rob-emerson,,,
gray-maynard,AKA (American Kickboxing Academy),USA,Featherweight
allen-berube,,,Lightweight
brian-geraghty,,,
antonio-rodrigo-nogueira,Team Nogueira,Brazil,Heavyweight
alvin-robinson,,USA,
alberto-crane,,,Featherweight
ryan-jensen,Jackson-Wink MMA,USA,Middleweight
marcus-aurelio,,Brazil,Lightweight
dan-henderson,Team Quest -Portland,USA,Open Weight
tomasz-drwal,Alliance MMA,Poland,
nate-quarry,Team Quest -Portland,USA,Middleweight
joe-veres,,,Lightweight
mauricio-rua,Universidade da luta,Brazil,Light Heavyweight
kazuhiro-nakamura,Yoshida Dojo,Japan,Middleweight
scott-junk,,,
michihiro-omigawa,Yoshida Dojo,Japan,Lightweight
demian-maia,Demian Maia Jiu-Jitsu,Brazil,Welterweight
ryo-chonan,,,Middleweight
jason-reinhardt,,USA,Featherweight
akihiro-gono,,Japan,Welterweight
mac-danzig,PKG,USA,Lightweight
tommy-speer,,USA,Welterweight
war-machine,,USA,
jared-rollins,,USA,Welterweight
billy-miles,,,Welterweight
george-sotiropoulos,American Top Team,Australia,Welterweight
ben-saunders,American Top Team,USA,Welterweight
dan-barrera,,,Welterweight
richie-hightower,,,Light Heavyweight
troy-mandaloniz,,,Welterweight
matt-arroyo,,USA,Welterweight
john-kolosci,,USA,Welterweight
roman-mitichyan,,,Welterweight
dorian-price,,,Welterweight
paul-georgieff,,USA,
cb-dollaway,Power MMA Team,USA,Middleweight
mike-massenzio,Team BombSquad,USA,Middleweight
mostapha-al-turk,,England,Heavyweight
mike-wessel,,USA,Heavyweight
reese-andy,,USA,Light Heavyweight
brad-blackburn,,USA,
pat-barry,Team DeathClutch,USA,Heavyweight
dan-evensen,,,
paul-kelly,,England,Welterweight
james-lee,,USA,Middleweight
per-eklund,,Sweden,
corey-hill,,USA,Lightweight
justin-buchholz,Team Alpha Male,USA,
brock-lesnar,Team DeathClutch,USA,Heavyweight
ricardo-almeida,Ricardo Almeida Jiu-Jitsu,USA,Open Weight
rob-yundt,,,Middleweight
kyle-bradley,,USA,Lightweight
tim-boetsch,Team Irish,USA,Middleweight
chris-wilson,,USA,
david-bielkheden,,Sweden,Welterweight
ryan-roberts,,,
samy-schiavo,,,
jason-day,,,Light Heavyweight
brad-morris,,,
cain-velasquez,AKA (American Kickboxing Academy),USA,Heavyweight
goran-reljic,,,
antonio-mendes,,,
rousimar-palhares,Brazilian Top Team,Brazil,Welterweight
yoshiyuki-yoshida,,,
dong-hyun-kim,Busan Team M.A.D.,Korea,Welterweight
shane-carwin,Grudge Training Center,USA,Heavyweight
kevin-burns,,,
amir-sadollah,Xtreme Couture,USA,Middleweight
matthew-riddle,Throwdown,USA,Middleweight
dante-rivera,Renzo Gracie Jiu-Jitsu,USA,
matt-brown,Elevation Fight Team,USA,Welterweight
rob-kimmons,,,
jesse-taylor,,,
tim-credeur,Gladiators Training Academy,USA,Middleweight
cale-yarbrough,,,Middleweight
brodie-farber,,,Welterweight
rory-markham,,,
nate-loughran,Nor-Cal Fighting Alliance,USA,Middleweight
johnny-rees,,,Middleweight
james-giboo,,,
shannon-gugerty,,USA,Lightweight
dale-hartt,,USA,Lightweight
andre-gusmao,,,Light Heavyweight
jon-jones,Jackson-Wink MMA,USA,Light Heavyweight
steve-bruno,American Top Team,USA,Lightweight
ryan-thomas,,USA,Welterweight
michael-patt,,USA,Light Heavyweight
joe-vedepo,,USA,
jason-brilz,,USA,Light Heavyweight
dan-miller,Miller Brothers MMA,USA,Middleweight
dan-hardy,Team Rough House,England,Welterweight
jim-miller,Miller Brothers MMA,USA,Lightweight
david-baron,,,Welterweight
neil-wain,,England,
junior-dos-santos,American Top Team,Brazil,Heavyweight
matt-horwich,,USA,Welterweight
josh-hendricks,,,
rafael-dos-anjos,Evolve MMA,Brazil,Welterweight
razak-al-hassan,,Ghana,
steve-cantwell,One Kick's MMA,USA,Light Heavyweight
brandon-wolff,,USA,Middleweight
efrain-escudero,MMA LAB,Mexico,Lightweight
phillipe-nover,,USA,Featherweight
ryan-bader,Power MMA Team,USA,Light Heavyweight
vinny-magalhaes,Syndicate MMA,Brazil,Light Heavyweight
david-kaplan,,USA,Lightweight
junie-browning,,USA,Lightweight
shane-primm,,,Light Heavyweight
krzysztof-soszynski,Reign MMA,Poland,Light Heavyweight
jules-bruchez,,,Light Heavyweight
eliot-marshall,,USA,Light Heavyweight
kyle-kingsbury,AKA (American Kickboxing Academy),USA,Light Heavyweight
tom-lawlor,Jungle MMA,USA,Light Heavyweight
george-roop,APEX MMA,USA,Featherweight
shane-nelson,,,Lightweight
rolando-delgado,,USA,Lightweight
john-polakowski,,,Lightweight
mike-pierce,Sports Lab,USA,Welterweight
stefan-struve,Team Schrijber,Netherlands,Heavyweight
johny-hendricks,Team Takedown,USA,Welterweight
ricardo-funch,Team Link,Brazil,Welterweight
lucio-linhares,,Brazil,Middleweight
edgar-garcia,,USA,Welterweight
damarques-johnson,Elite Performance,USA,Welterweight
tj-grant,Fit Plus,Canada,Lightweight
mark-coleman,,USA,Open Weight
denis-kang,,,
john-hathaway,London Shootfighters,England,Welterweight
tom-egan,,,Welterweight
alexandre-barros,,Brazil,Welterweight
ivan-serati,,,Light Heavyweight
john-howard,FAF Kickboxing,USA,Welterweight
dan-cramer,American Top Team,USA,Welterweight
denis-stojnic,,Bosnia & Herzegovina,
jake-rosholt,Team Takedown,USA,Middleweight
matt-veach,,USA,
nick-catone,Ricardo Almeida Jiu-Jitsu,USA,Middleweight
derek-downey,,USA,Welterweight
paulo-thiago,X-Gym,Brazil,Welterweight
brian-cobb,,USA,
evan-dunham,Xtreme Couture,USA,Lightweight
neil-grove,,England,Heavyweight
mike-ciesnolevicz,,USA,Light Heavyweight
mark-munoz,Reign MMA,USA,Middleweight
ryan-madigan,,,Welterweight
carlos-condit,Jackson-Wink MMA,USA,Welterweight
jesse-sanders,,,Welterweight
nissen-osterneck,,USA,Middleweight
tim-mckenzie,,,
aaron-simpson,Power MMA Team,USA,Welterweight
brian-stann,Jackson-Wink MMA,USA,Light Heavyweight
xavier-foupa-pokam,,,Middleweight
mike-pyle,,,
tim-hague,Complete Martial Arts and Fitness,Canada,
caol-uno,,,
peter-sobotta,Planet Eater,Germany,Welterweight
rick-story,,,
james-wilks,Lightning MMA,England,Welterweight
ross-pearson,Alliance MMA,England,Lightweight
andre-winner,Team Rough House,England,Lightweight
frank-lester,,USA,Welterweight
nick-osipczak,,England,Welterweight
cameron-dollar,Colorado Fight Factory,USA,
yoshihiro-akiyama,Jackson-Wink MMA,Japan,Welterweight
jesse-lennox,,,
danillo-villefort,Blackzilians,Brazil,
chris-tuchscherer,,,Heavyweight
mike-russow,Team DeathClutch,,Heavyweight
todd-duffee,Xtreme Couture,USA,Heavyweight
jake-ellenberger,Reign MMA,USA,Welterweight
jay-silva,,USA,
steve-steinbeiss,,,Light Heavyweight
vitor-belfort,Blackzilians,Brazil,Middleweight
paul-daley,Team Rough House,England,Welterweight
frank-trigg,Xtreme Couture,USA,Welterweight
steve-lopez,,USA,
nik-lentz,American Top Team,USA,Lightweight
rafaello-oliveira,Knoxville Martial Arts Academy,Brazil,
brian-foster,Fiore MMA,USA,Welterweight
igor-pokrajac,American Top Team,Croatia,Light Heavyweight
vladimir-matyushenko,VMAT,Belarus,Light Heavyweight
ben-rothwell,Rothwell MMA,USA,Heavyweight
chase-gormley,Reign MMA,USA,
alexander-gustafsson,Allstars Training Center,Sweden,Light Heavyweight
jared-hamman,Dynamix MMA,USA,Light Heavyweight
jacob-volkmann,,,
rogerio-nogueira,Team Nogueira,Brazil,Light Heavyweight
phil-baroni,AKA (American Kickboxing Academy),USA,Middleweight
fabricio-camoes,Black House MMA,Brazil,Middleweight
brendan-schaub,Reign MMA,USA,Heavyweight
roy-nelson,Country Club,USA,Heavyweight
kevin-ferguson,American Top Team,USA,Heavyweight
marcus-jones,,,Heavyweight
matt-mitrione,Integrated Fighting Academy,USA,Heavyweight
james-mcsweeney,Tiger Muay Thai,England,
darrill-schoonover,,USA,
jon-madsen,,USA,Heavyweight
justin-wren,,USA,
rodney-wallace,Chute Boxe,USA,Light Heavyweight
dennis-hallman,Victory MMA,USA,Lightweight
joe-brammer,,,Lightweight
gilbert-yvel,,Netherlands,Heavyweight
john-gunderson,,,
mike-guymon,,,Welterweight
rory-macdonald,TriStar Gym,Canada,Welterweight
gerald-harris,,,
john-salter,,USA,Middleweight
ronys-torres,Nova Uniao,Brazil,
phil-davis,Alliance MMA,USA,Light Heavyweight
rolles-gracie,Renzo Gracie Jiu-Jitsu,Brazil,
joey-beltran,,,
james-te-huna,Pirtek Athletic Allstars,New Zealand,Middleweight
darren-elkins,Team Alpha Male,USA,Featherweight
daniel-roberts,,USA,Welterweight
julio-paulino,,,
greg-soto,Pellegrino MMA,USA,Welterweight
takanori-gomi,Kugayama Rascal,Japan,Lightweight
mario-miranda,Black House MMA,Brazil,Middleweight
jason-high,American Top Team,USA,
charlie-brenneman,AMA Fight Club,USA,Welterweight
renzo-gracie,Renzo Gracie Jiu-Jitsu,Brazil,Middleweight
waylon-lowe,American Top Team,USA,Lightweight
cyrille-diabate,Snake Team,France,Light Heavyweight
claude-patrick,Elite Mixed Fighters,Canada,Welterweight
court-mcgee,FactoryX Muay Thai,USA,Welterweight
kris-mccray,,USA,Middleweight
rich-attonito,American Top Team,USA,Middleweight
jamie-yager,,USA,Middleweight
mark-holst,,,Lightweight
seth-baczynski,Power MMA Team,USA,Welterweight
brad-tavares,Xtreme Couture,USA,Middleweight
josh-bryant,,,Middleweight
kyle-noke,Integrated MMA,Australia,Welterweight
james-hammortree,,,
chris-camozzi,FactoryX Muay Thai,USA,Middleweight
travis-browne,Glendale Fighting Club,USA,Heavyweight
ricardo-romero,AMA Fight Club,USA,Light Heavyweight
david-branch,Renzo Gracie Jiu-Jitsu,USA,Middleweight
karlos-vemola,London Shootfighters,Czech Republic,Light Heavyweight
charles-oliveira,Chute Boxe,Brazil,Lightweight
todd-brown,,USA,Light Heavyweight
christian-morecraft,,,
james-toney,,,Heavyweight
amilcar-alves,,,Welterweight
rafael-natal,Renzo Gracie Jiu-Jitsu,Brazil,Middleweight
david-mitchell,Team Alpha Male,USA,Welterweight
tj-waldburger,Grapplers Lair Fight Team,USA,Lightweight
pat-audinwood,Team BombSquad,USA,
mark-hunt,American Top Team,New Zealand,Heavyweight
sean-mccorkle,,USA,Heavyweight
rob-broughton,Wolfslair Academy,England,Heavyweight
vinicius-queiroz,,Brazil,
paul-sass,Team Kaobon,England,
curt-warburton,Nevt,England,Lightweight
fabio-maldonado,Team Nogueira,Brazil,Light Heavyweight
jake-shields,Cesar Gracie Jiu-Jitsu,USA,Middleweight
dongi-yang,Korean Top Team,South Korea,Middleweight
alexandre-ferreira,Chute Boxe,Brazil,Light Heavyweight
pascal-krauss,Roufusport,Germany,Welterweight
mark-scanlon,Team Kaobon,England,
carlos-eduardo-rocha,Team Nogueira,Brazil,Welterweight
maiquel-falcao,Independent MMA,Brazil,Light Heavyweight
edson-barboza,American Top Team,Brazil,Lightweight
mike-lullo,,USA,Lightweight
tj-obrien,,,
michael-johnson,Hard Knocks 365,USA,Featherweight
jonathan-brookins,Gracie Barra Orlando,USA,Lightweight
nam-phan,Ma Du Academy,USA,Bantamweight
cody-mckenzie,Cesar Gracie Jiu-Jitsu,USA,Lightweight
aaron-wilkinson,,,
ian-loveland,,,
tyler-toner,Elevation Fight Team,,Bantamweight
sako-chivitchian,,,Lightweight
kyle-watson,,USA,Lightweight
will-campuzano,Mohler MMA,USA,Flyweight
nick-pace,,USA,Bantamweight
pablo-garza,Academy of Combat Arts,USA,Featherweight
fredson-paixao,,,Bantamweight
jesse-bongfeldt,,Canada,Middleweight
sean-pierson,Grant Brothers MMA,Canada,Welterweight
john-makdessi,Roufusport,Canada,Lightweight
josh-grispi,South Shore Sport,USA,Featherweight
dustin-poirier,American Top Team,USA,Lightweight
mike-brown,,,Lightweight
diego-nunes,,,
antonio-mckee,,USA,
rani-yahya,Constrictor Team,Brazil,Bantamweight
willamy-freire,,,
chris-cariaso,Fight and Fitness,USA,Flyweight
antonio-banuelos,,USA,Bantamweight
miguel-torres,TriStar Gym,USA,Bantamweight
donald-cerrone,BMF Ranch,USA,Lightweight
chad-mendes,Team Alpha Male,USA,Featherweight
demetrious-johnson,AMC Pankration,USA,Flyweight
norifumi-yamamoto,Krazy Bee,Japan,Bantamweight
kenny-robertson,,USA,Welterweight
brian-ebersole,,,
riki-fukuda,Grabaka,Japan,Middleweight
nick-ring,Champion's Creed MMA,Canada,Middleweight
tom-blackledge,,England,Light Heavyweight
tiequan-zhang,China Top Team,China,Lightweight
maciej-jewtuszko,,Poland,Lightweight
chris-weidman,Serra-Longo Fight Team,USA,Middleweight
brian-bowles,American Top Team,USA,Bantamweight
damacio-page,Jackson-Wink MMA,USA,Bantamweight
danny-castillo,Team Alpha Male,USA,Lightweight
shane-roller,,USA,Lightweight
reuben-duran,Alliance MMA,USA,Bantamweight
takeya-mizugaki,,Japan,Bantamweight
urijah-faber,Team Alpha Male,USA,Bantamweight
eddie-wineland,Duneland Vale Tudo,USA,Bantamweight
kamal-shalorus,American Combat Association,Iran,Lightweight
anthony-njokuani,Janjira Muay Thai,USA,Lightweight
joseph-benavidez,Team Alpha Male,USA,Flyweight
constantinos-philippou,Serra-Longo Fight Team,USA,Middleweight
raphael-assuncao,American Top Team,Brazil,Bantamweight
erik-koch,Roufusport,USA,Lightweight
chan-sung-jung,Korean Zombie MMA,Korea,Featherweight
alex-caceres,MMA LAB,USA,Featherweight
mackens-semerzier,,USA,Featherweight
edwin-figueroa,Mohler MMA,USA,Bantamweight
michael-mcdonald,Last Stand Fight Team,USA,Bantamweight
jose-aldo,Nova Uniao,Brazil,Featherweight
benson-henderson,MMA LAB,USA,Welterweight
ivan-menjivar,TriStar Gym,EL SALVADOR,Lightweight
charlie-valencia,,USA,Bantamweight
yves-jabouin,TriStar Gym,Canada,Bantamweight
renan-barao,Nova Uniao,Brazil,Bantamweight
cole-escovedo,,USA,Featherweight
tony-ferguson,Reign MMA,USA,Lightweight
ramsey-nijem,Temple MMA,USA,Lightweight
anthony-pettis,Roufusport,USA,Welterweight
chris-cope,,USA,
chuck-oneil,,USA,
danny-downes,,USA,Lightweight
shamar-bailey,Integrated Fighting Academy,USA,Lightweight
ryan-mcgillivray,Jackson-Wink MMA,Canada,Welterweight
clay-harvison,American Top Team Atlanta,USA,Welterweight
justin-edwards,Team Jorge Gurgel,USA,Welterweight
scott-jorgensen,Twisted Genetiks,USA,Bantamweight
ken-stone,American Top Team,USA,Bantamweight
francisco-rivera,United Mixed Martial Arts,USA,Bantamweight
dave-herman,,,
john-olav-einemo,,Norway,Heavyweight
vagner-rocha,,USA,Welterweight
james-head,Lovato's Brazilian Jiu-Jitsu,USA,Middleweight
jason-young,Team Titan,England,Featherweight
aaron-rosa,Rodrigo Pinheiro BJJ,USA,Light Heavyweight
javier-vazquez,Gracie Jiu-Jitsu,USA,Featherweight
ricardo-lamas,Top Notch Fitness,USA,Featherweight
edward-faaloloto,,USA,Lightweight
dominick-cruz,Alliance MMA,USA,Bantamweight
jeff-hougland,Combat Sport and Fitness,USA,Bantamweight
donny-walker,,USA,
paul-bradley,,,
ronny-markes,Nova Uniao,Brazil,Middleweight
jimy-hettes,Gracie NEPA,USA,Featherweight
erick-silva,Team Nogueira,Brazil,Welterweight
luis-ramos,Nova Uniao,Brazil,
stanislav-nedkov,Bushido Bulgaria,Bulgaria,Light Heavyweight
johnny-eduardo,Nova Uniao,Brazil,Bantamweight
iuri-alcantara,Marajo Brothers Team,Brazil,Bantamweight
felipe-arantes,Bronx's Gold Team,Brazil,
lance-benoist,St. Charles MMA,USA,Welterweight
mike-stumpf,Team Curran,USA,Welterweight
robert-peralta,Team Xplode MMA,USA,
jorge-lopez,Wand Fight Team,USA,
eddie-yagin,Alliance MMA,USA,Featherweight
byron-bloodworth,Iron Clutch Fitness,USA,Bantamweight
mike-easton,Alliance MMA,USA,Bantamweight
keith-wisniewski,,,
joseph-sandoval,,,
walel-watson,Team Hurricane Awesome,USA,Bantamweight
stipe-miocic,Strong Style Fight Team,USA,Heavyweight
jeff-curran,Team Curran,USA,
hatsu-hioki,ALIVE Shooto & Jiu-Jitsu Academy,Japan,Featherweight
bart-palaszewski,,USA,Featherweight
francis-carmont,TriStar Gym,France,Middleweight
dustin-jacoby,Finney's HIT Squad,USA,Middleweight
clifford-starks,Arizona Combat Sports,USA,Middleweight
brad-pickett,Team Titan,England,Bantamweight
papy-abedi,Allstars Training Center,Sweden,Middleweight
john-maguire,Tsunami Gym,England,Lightweight
phil-de-fries,Alliance MMA,England,Heavyweight
che-mills,Trojan Free Fighters,England,Welterweight
vaughan-lee,Ultimate Training Centre,England,Bantamweight
cub-swanson,Jackson-Wink MMA,USA,Featherweight
darren-uyenoyama,Faito Tamashii Combat Club,USA,Flyweight
matt-lucas,Arizona Combat Sports,USA,Light Heavyweight
cung-le,Cung Le's Universal Strength Headquarters,Vietnam,Middleweight
alex-soto,Team Hurricane Awesome,USA,
jason-miller,Reign MMA,USA,Middleweight
dennis-bermudez,Long Island MMA,USA,Featherweight
diego-brandao,Jackson-Wink MMA,Brazil,Featherweight
tj-dillashaw,Treigning Lab,USA,Bantamweight
john-dodson,Jackson-Wink MMA,USA,Bantamweight
louis-gaudinot,Team Tiger Schulman,USA,Flyweight
johnny-bedford,,,
stephen-bass,,USA,
marcus-brimage,American Top Team,USA,Bantamweight
john-albert,Victory MMA,USA,Bantamweight
dustin-pague,Disciple MMA,USA,
roland-delorme,Winnipeg Academy of MMA,Canada,
josh-ferguson,,,
josh-clopton,Skrap Pack,USA,
steven-siler,FactoryX Muay Thai,USA,Featherweight
bryan-caraway,Xtreme Couture,USA,Bantamweight
dustin-neace,Damage Inc.,USA,Featherweight
jake-hecht,Fiore MMA,USA,
john-cholish,Renzo Gracie Jiu-Jitsu,USA,
mitch-clarke,Hayabusa Training Centre,Canada,Lightweight
alistair-overeem,Elevation Fight Team,Netherlands,Heavyweight
carlo-prater,Thugjitsu,Brazil,
ednaldo-oliveira,Champion Team,Brazil,Heavyweight
antonio-carvalho,Bruckmann MMA,Canada,
jared-papazian,,USA,Flyweight
khabib-nurmagomedov,AKA (American Kickboxing Academy),Russia,Lightweight
tommy-hayden,Team Jorge Gurgel,USA,Lightweight
daniel-pineda,4oz Fight Club,USA,Featherweight
pat-schilling,Ambition Training Academy,USA,Featherweight
nick-denis,Ronin MMA,Canada,Bantamweight
eric-wisely,Team Conquest,USA,
lavar-johnson,Pro Buhawe,USA,Heavyweight
max-holloway,Hawaii Elite MMA,USA,Featherweight
henry-martinez,Jackson-Wink MMA,USA,Lightweight
michael-kuiper,Perfect Team,Netherlands,Middleweight
stephen-thompson,Team Upstate Karate,USA,Welterweight
dan-stittgen,Midwest MMA,USA,
anton-kuivanen,American Top Team,Finland,Lightweight
justin-salas,Grudge Training Center,USA,
tim-means,Fit NHB,USA,Welterweight
bernardo-magalhaes,TP Fight Team,Australia,
eiji-mitsuoka,Freelance,Japan,
issei-tamura,Krazy Bee,Japan,Bantamweight
yasuhiro-urushitani,Wajutsu Keishukai Tokyo,Japan,Flyweight
ian-mccall,Team Oyama,USA,Flyweight
nick-penner,Hayabusa Training Centre,Canada,Light Heavyweight
andrew-craig,Team Tooke,USA,Middleweight
shawn-jordan,Jackson-Wink MMA,USA,Heavyweight
oli-thompson,ZT Fight Skool,England,
siyar-bahadurzada,Jackson-Wink MMA,Afghanistan,Welterweight
tom-deblass,Ricardo Almeida Jiu-Jitsu,USA,Middleweight
magnus-cedenblad,Pancrase Gym Sweden,Sweden,Middleweight
reza-madadi,Hilti NHB,Iran,Lightweight
yoislandy-izquierdo,Young Tigers,USA,Lightweight
simeon-thoresen,Frontline Academy,Norway,Welterweight
besam-yousef,Gladius MMA,Sweden,Welterweight
chad-griggs,APEX MMA,USA,Light Heavyweight
chris-clements,Team Tompkins,Canada,Welterweight
maximo-blanco,Yoshida Dojo,Venezuela,Featherweight
tim-elliott,805 Fight Club,USA,Flyweight
john-lineker,Emporium,Brazil,Bantamweight
marcus-levesseur,Minnesota Fight Factory,USA,Lightweight
antonio-silva,Team Nogueira,Brazil,Heavyweight
shane-del-rosario,Team Oyama,USA,Heavyweight
glover-teixeira,Teixeira MMA & Fitness,Brazil,Light Heavyweight
john-cofer,Hardcore Gym,USA,
justin-lawrence,Black House,USA,Lightweight
daron-cruickshank,Michigan Top Team,USA,Lightweight
chris-tickle,Fiore MMA,USA,
chris-saunders,,USA,
myles-jury,Alliance MMA,USA,Featherweight
cristiano-marcello,CM System,Brazil,Lightweight
sam-sicilia,Sikjitsu,USA,Featherweight
jeremy-larsen,Arizona Combat Sports,USA,
joe-proctor,Team Aggression,USA,Welterweight
erik-perez,Jackson-Wink MMA,Mexico,Bantamweight
caio-magalhaes,Teixeira MMA & Fitness,Brazil,Middleweight
buddy-roberts,Jackson-Wink MMA,USA,Middleweight
cj-keith,Pro Buhawe,USA,Lightweight
brock-jardine,The Pit Elevated Fight Team,USA,Welterweight
joey-gambino,,,
sergio-moraes,Alliance Jiu-Jitsu,Brazil,Welterweight
cezar-ferreira,MMA Masters,Brazil,Middleweight
rony-jason,,,
godofredo-pepey,Marcio Cupim Team,Brazil,Featherweight
hacran-dias,,Brazil,Lightweight
rodrigo-damm,Alliance Jiu-Jitsu,Brazil,Lightweight
anistavio-medeiros,,Brazil,Featherweight
delson-heleno,,Brazil,
francisco-trinaldo,Constrictor Team,Brazil,Lightweight
john-teixeira,,,
hugo-viana,Champion Team,Brazil,Bantamweight
thiago-perpetuo,,Brazil,
leonardo-mafra,,Brazil,Lightweight
wagner-campos,,,Catchweight
marcos-vinicius,,Brazil,
milton-vieira,,,
marcelo-guimaraes,Caveira Team,Brazil,Middleweight
hector-lombard,UFD Gym,Cuba,Middleweight
ryan-jimmo,Blackzilians,Canada,Light Heavyweight
mitch-gagnon,Troop MMA,Canada,Bantamweight
wagner-prado,Team Nogueira,Brazil,Light Heavyweight
ulysses-gomez,Xtreme Couture,USA,Flyweight
john-moraga,MMA LAB,USA,Flyweight
chico-camus,Roufusport,USA,Flyweight
roger-hollett,,Canada,Light Heavyweight
jimi-manuwa,Allstars Training Center,England,Light Heavyweight
akira-corassani,Renzo Gracie Jiu-Jitsu,Sweden,Featherweight
andy-ogle,,England,Featherweight
tom-watson,,,
gunnar-nelson,SBG Ireland,Iceland,Welterweight
jay-hieron,Xtreme Couture,,Welterweight
jussier-formiga,Nova Uniao,Brazil,Flyweight
phil-harris,,,
renee-forte,Team Nogueira,Brazil,Welterweight
jon-tuck,The Arena,Guam,Lightweight
motonobu-tezuka,,,
ray-wood,,USA,
john-raio,,USA,
azamat-gashimov,K Dojo,Ukraine,Flyweight
abel-trujillo,Blackzilians,USA,Lightweight
colin-fletcher,United Gym,England,Lightweight
norman-parke,,Northern Ireland,Lightweight
yaotzin-meza,MMA LAB,USA,Featherweight
manuel-rodriguez,TP Fight Team,Australia,Welterweight
ben-alloway,Fiore MMA,Australia,Welterweight
mike-wilkinson,Atherton Submission Wrestling,England,Featherweight
brendan-loughnane,Mosside Ground and Pound,England,Lightweight
cody-donovan,Grudge Training Center,USA,Light Heavyweight
mike-ricci,TriStar Gym,Canada,Lightweight
colton-smith,Vanguard,USA,Lightweight
vinc-pichel,,USA,Lightweight
rustam-khabilov,Jackson-Wink MMA,Russia,Lightweight
mike-rio,Zen Jiu-Jitsu,USA,
derek-brunson,Hard Knocks 365,USA,Middleweight
daniel-sarafian,,Brazil,Middleweight
lucas-martins,Chute Boxe,Brazil,Featherweight
pedro-nobre,Brazilian Top Team,Brazil,
ildemar-alcantara,,,
sean-spencer,,USA,Welterweight
tyron-woodley,Roufusport,USA,Welterweight
bobby-green,Pinnacle Fighting Systems,USA,Lightweight
isaac-vallie-flagg,Jackson-Wink MMA,USA,Lightweight
dustin-kimura,,USA,Bantamweight
liz-carmouche,Team Hurricane Awesome,USA,Women's Flyweight
ronda-rousey,Glendale Fighting Club,USA,Women's Bantamweight
robbie-lawler,Combat Club,USA,Welterweight
michael-chiesa,Sikjitsu,USA,Welterweight
caros-fodor,AMC Pankration,USA,
neil-magny,Elevation Fight Team,USA,Welterweight
jon-manley,Team Link,USA,Welterweight
nah-shon-burrell,Fight Firm,USA,Welterweight
yuri-villefort,Blackzilians,Brazil,Welterweight
kazuki-tokudome,,,
bobby-voelker,Finney's HIT Squad,USA,
jordan-mein,Canadian Martial Arts Centre,Canada,Welterweight
quinn-mulhern,Santa Fe Brazilian Jiu-Jitsu,USA,
gegard-mousasi,Red Devil Sport Club,Netherlands,Middleweight
ilir-latifi,Allstars Training Center,Sweden,Light Heavyweight
ryan-couture,Xtreme Couture,USA,Lightweight
tor-troeng,,Sweden,Middleweight
adam-cella,Finney's HIT Squad,USA,Middleweight
adlan-amagov,Jackson-Wink MMA,Russia,Welterweight
chris-spang,J-Sect,USA,
conor-mcgregor,SBG Ireland,Ireland,Lightweight
ryan-laflare,Bellmore Kickboxing Academy,USA,
uriah-hall,Fortis MMA,Jamaica,Middleweight
kelvin-gastelum,Kings MMA,USA,Middleweight
miesha-tate,Xtreme Couture,USA,Women's Bantamweight
cat-zingano,Zingano BJJ,USA,Women's Featherweight
bubba-mcdaniel,,,
gilbert-smith,,USA,Middleweight
kevin-casey,Gracie Jiu-Jitsu,USA,Middleweight
josh-samman,,USA,
collin-hart,Nor-Cal Fighting Alliance,USA,Middleweight
luke-barnatt,Tsunami Gym,England,Middleweight
dylan-andrews,,New Zealand,Middleweight
jimmy-quinlan,,USA,Middleweight
bristol-marunde,Throwdown,USA,Welterweight
clint-hester,Blackzilians,USA,Light Heavyweight
gilbert-melendez,El Nino Training Center,USA,Lightweight
daniel-cormier,AKA (American Kickboxing Academy),USA,Heavyweight
josh-thomson,AKA (American Kickboxing Academy),USA,Lightweight
lorenz-larkin,Millennia MMA,USA,Welterweight
jorge-masvidal,American Top Team,USA,Welterweight
roger-bowling,Team Vision,USA,Lightweight
yoel-romero,American Top Team,Cuba,Middleweight
yancy-medeiros,Team Hakuilua,USA,Lightweight
gian-villante,Bellmore Kickboxing Academy,USA,Light Heavyweight
ovince-saint-preux,Knoxville MMA,USA,Light Heavyweight
sara-mcmann,Revolution MMA,USA,Women's Bantamweight
sheila-gaff,,Germany,Women's Bantamweight
kurt-holobaugh,Gracie United,USA,Featherweight
jonathan-lemke,,USA,
george-reagan,,,
luke-rockhold,AKA (American Kickboxing Academy),USA,Middleweight
jacare-souza,X-Gym,Brazil,Middleweight
joao-zeferino,Renzo Gracie Jiu-Jitsu,Brazil,
michel-prazeres,Coalizao Fight Team,Brazil,Welterweight
iliarde-santos,,Brazil,Flyweight
kj-noons,The Arena,USA,Lightweight
robert-whittaker,PMA Super Martial Arts Centre,Australia,Middleweight
estevan-payan,Arizona Combat Sports,USA,Featherweight
leonardo-santos,Nova Uniao,Brazil,Lightweight
william-macario,,Brazil,Welterweight
rafael-cavalcante,,,
eddie-mendez,,USA,
leandro-silva,,Brazil,Lightweight
mizuto-hirota,Cave,Japan,Lightweight
antonio-braga-neto,Gracie Fusion,Brazil,Middleweight
anthony-smith,FactoryX Muay Thai,USA,Light Heavyweight
alexis-davis,Cesar Gracie Jiu-Jitsu,Canada,Women's Flyweight
rosi-sexton,,England,Women's Bantamweight
james-krause,Glory MMA & Fitness,USA,Welterweight
roger-gracie,Black House MMA,Brazil,Light Heavyweight
tim-kennedy,Jackson-Wink MMA,USA,Middleweight
brian-melancon,Paradigm/Main Street Boxing Gym,USA,
jessica-andrade,Parana Vale Tudo,Brazil,Women's Strawweight
trevor-smith,Ring Demon Jiu-Jitsu,USA,Middleweight
julie-kedzie,Jackson-Wink MMA,USA,Women's Bantamweight
germaine-de-randamie,AKA (American Kickboxing Academy),Netherlands,Women's Bantamweight
thiago-santos,American Top Team,Brazil,Light Heavyweight
jose-maria,,Brazil,Flyweight
amanda-nunes,American Top Team,Brazil,Women's Bantamweight
francimar-barroso,Nova Uniao,Brazil,Light Heavyweight
viscardi-andrade,Gracie Fusion,Brazil,Welterweight
james-vick,Team Lloyd Irvin,USA,Lightweight
brandon-thatch,Elevation Fight Team,USA,Welterweight
zak-cummings,Glory MMA & Fitness,USA,Middleweight
josh-barnett,UWF-USA,USA,Heavyweight
hyun-gyu-lim,Korean Top Team,Korea,Welterweight
kyung-ho-kang,Busan Team M.A.D.,Korea,Bantamweight
nikita-krylov,YK Promotion,Ukraine,Light Heavyweight
al-iaquinta,Serra-Longo Fight Team,USA,Lightweight
piotr-hallmann,,Poland,Lightweight
ali-bagautinov,Fight Nights Team,Russia,Flyweight
kevin-souza,,Brazil,Featherweight
ramiro-hernandez,Miletich Martial Arts,USA,Bantamweight
elias-silverio,,Brazil,Lightweight
ivan-jorge,,Brazil,Lightweight
wilson-reis,Brazilian Jiu-Jitsu United,Brazil,Flyweight
jesse-ronson,Adrenaline Training Center,Canada,Lightweight
nandor-guelmino,,,
daniel-omielanczuk,,,
igor-araujo,Jackson-Wink MMA,Brazil,Welterweight
yan-cabral,Nova Uniao,Brazil,Lightweight
alan-patrick,X-Gym,Brazil,Lightweight
garett-whiteley,,USA,
darrell-montague,Millennia MMA,USA,Flyweight
sarah-kaufman,Zugec Ultimate Martial Arts,Canada,Women's Bantamweight
jessica-eye,Xtreme Couture,USA,Women's Flyweight
andre-fili,Team Alpha Male,USA,Featherweight
kyoji-horiguchi,American Top Team,Japan,Flyweight
nico-musoke,Allstars Training Center,Sweden,Welterweight
robert-whiteford,American Top Team,Scotland,Featherweight
bradley-scott,Combat Sports Academy,England,Welterweight
brian-houston,Disorderly Conduct,USA,Middleweight
santiago-ponzinibbio,American Top Team,Argentina,Welterweight
omari-akhmedov,American Top Team,Russia,Middleweight
adriano-martins,Top Life Amazonas,Brazil,Lightweight
dustin-ortiz,Combat Sports Academy,USA,Flyweight
anthony-lapsley,,,
sergio-pettis,Roufusport,USA,Bantamweight
davey-grant,North East Top Team,England,Bantamweight
chris-holdsworth,Marc Laimon's Cobra Kai,USA,Bantamweight
jessamyn-duke,,USA,Women's Bantamweight
peggy-morgan,,USA,
roxanne-modafferi,Syndicate MMA,USA,Women's Flyweight
raquel-pennington,Altitude MMA,USA,Women's Bantamweight
tom-niinimaki,,,
walt-harris,Spartan Fitness,USA,Heavyweight
jared-rosholt,Team Takedown,USA,Heavyweight
drew-dober,Elevation Fight Team,USA,Lightweight
josh-sampo,St. Charles MMA,USA,Flyweight
ryan-benoit,Janjira Muay Thai,USA,Flyweight
bethe-correia,CM System,Brazil,Women's Bantamweight
richie-vaculik,TP Fight Team,Australia,Flyweight
justin-scoggins,American Top Team,USA,Flyweight
bruno-santos,,Brazil,Middleweight
krzysztof-jotko,American Top Team,Poland,Middleweight
ben-wall,,Australia,Lightweight
alex-garcia,TriStar Gym,Dominican Republic,Welterweight
zach-makovsky,TriStar Gym,USA,Flyweight
alptekin-ozkilic,St. Charles MMA,USA,Flyweight
katsunori-kikuno,,,
will-chope,,USA,Featherweight
mairbek-taisumov,Team Taisumov,Russia,Lightweight
tae-hyun-bang,,,
tarec-saffiedine,Team Quest -Portland,Belgium,Welterweight
tatsuya-kawajiri,,Japan,Featherweight
sean-soriano,Blackzilians,USA,Featherweight
kiichi-kunimoto,,,
luiz-dutra,,,
shunichi-shimizu,,Japan,Bantamweight
royston-wee,,Singapore,Bantamweight
dave-galera,,Philippines,Bantamweight
jon-delos-reyes,,Guam,Flyweight
leandro-issa,Evolve MMA,Brazil,Bantamweight
russell-doane,Hawaii Elite MMA,USA,Bantamweight
beneil-dariush,Wand Fight Team,Iran,Lightweight
louis-smolka,Team Oyama,USA,Bantamweight
george-sullivan,Pellegrino MMA,USA,Welterweight
mike-rhodes,Roufusport,USA,Welterweight
danny-martinez,Alliance MMA,USA,Flyweight
kevin-lee,Xtreme Couture,USA,Lightweight
andy-enz,Gracie Barra Alaska,USA,Middleweight
rashid-magomedov,Gorets,Russia,Lightweight
anthony-rocco-martin,American Top Team,USA,Welterweight
gasan-umalatov,,,
takenori-sato,,,
albert-tumenov,,,
zubaira-tukhugov,Tiger Muay Thai,Russia,Featherweight
douglas-silva-de-andrade,Corinthians MMA,Brazil,Bantamweight
patrick-cummins,Reign MMA,USA,Light Heavyweight
pedro-munhoz,American Top Team,Brazil,Bantamweight
cody-gibson,,USA,Bantamweight
aljamain-sterling,Serra-Longo Fight Team,USA,Bantamweight
yosdenis-cedeno,MMA Masters,Cuba,Lightweight
ernest-chavez,Total MMA Studios,USA,Lightweight
sai-wang,China Top Team,China,Welterweight
lipeng-zhang,Fight Emperor,China,Lightweight
yui-chul-nam,Team Posse,Korea,Featherweight
anying-wang,,China,Welterweight
albert-cheng,,Canada,
jumabieke-tuerxun,,,
mark-eddiva,Lakay MMA,Philippines,Featherweight
neil-seery,Team Ryano MMA,Ireland,Flyweight
mats-nilsson,Rumble Sports,Sweden,Welterweight
claudio-silva,Nova Uniao,Brazil,Welterweight
danny-mitchell,AVT Fight Team,England,
francisco-trevino,Macaco Gold Team,USA,Lightweight
sean-strickland,CQuence Jiu-Jitsu,USA,Welterweight
hans-stringer,,,
noad-lahat,AKA (American Kickboxing Academy),Israel,Featherweight
jim-alers,Alliance Jiu-Jitsu,USA,Featherweight
alan-omer,,,Featherweight
sheldon-westcott,Complete Martial Arts and Fitness,Canada,Welterweight
elias-theodorou,TriStar Gym,Canada,Middleweight
chad-laprise,,,
olivier-aubin-mercier,TriStar Gym,Canada,Lightweight
leslie-smith,El Nino Training Center,USA,Women's Bantamweight
sean-oconnell,,,
mike-de-la-torre,,USA,Featherweight
nordine-taleb,TriStar Gym,Canada,Welterweight
vik-grujic,,Australia,Welterweight
richard-walsh,,Australia,Welterweight
chris-indich,The Arena,Australia,Welterweight
tim-gorman,Des Moines MMA Academy,USA,Bantamweight
alex-white,Team Destruction,USA,Lightweight
luke-zachrich,,,
hernani-perpetuo,Nova Uniao,Brazil,
ray-borg,Fit NHB,USA,Bantamweight
chas-skelly,Team Takedown,USA,Featherweight
mirsad-bektic,TriStar Gym,Bosnia & Herzegovina,Featherweight
derrick-lewis,Silverback Fight Club,USA,Heavyweight
jack-may,CSW,USA,
chris-beal,KnuckleHeadz Boxing,USA,Flyweight
patrick-williams,American Top Team,USA,Bantamweight
ruan-potts,Mark Robinson MMA,South Africa,Heavyweight
aaron-phillips,Gladiators Training Academy,USA,Featherweight
li-jingliang,China Top Team,China,Welterweight
david-michaud,MMA LAB,USA,Lightweight
niklas-backstrom,,Sweden,Featherweight
nick-hein,Clube do Leao,Germany,Lightweight
pawel-pawlak,,Poland,Welterweight
ruslan-magomedov,Fight Club Berkut,Russia,Heavyweight
viktor-pesta,,Czech Republic,Heavyweight
vitor-miranda,Team Nogueira,Brazil,Middleweight
antonio-carlos-junior,American Top Team,Brazil,Heavyweight
marcio-alexandre-jr,,Brazil,
warlley-alves,X-Gym,Brazil,Welterweight
alexander-yakovlev,K Dojo,Russia,Lightweight
ricardo-abreu,,Brazil,
wagner-silva,,Brazil,
marcos-rogerio-de-lima,011 MMA Team,Brazil,Light Heavyweight
richardson-morreira,,Brazil,Middleweight
matt-hobar,,USA,Bantamweight
jake-lindsey,,USA,Lightweight
roger-narvaez,Full Contact Fight Academy,USA,Middleweight
valerie-letourneau,American Top Team,Canada,Women's Strawweight
elizabeth-phillips,Sikjitsu,USA,Women's Bantamweight
kajan-johnson,TriStar Gym,Canada,Lightweight
michinori-tanaka,Reversal Gym Yokohama Ground Slam,Japan,Bantamweight
josh-shockley,Duneland Vale Tudo,USA,Lightweight
jason-saggo,Wulfrun MMA,Canada,Lightweight
joe-ellenberger,,USA,Lightweight
james-moontasri,Black House,USA,Welterweight
diego-ferreira,Fortis MMA,Brazil,Lightweight
shane-howell,,,
aleksei-oleinik,K Dojo,Russia,Heavyweight
anthony-hamilton,,USA,Heavyweight
jake-matthews,Nexus,Australia,Welterweight
dashon-johnson,Team Xplode MMA,USA,Featherweight
roldan-sangchaan,Lakay MMA,Philippines,Flyweight
rodrigo-de-lima,Coalizao Fight Team,Brazil,Welterweight
dan-hooker,City Kickboxing,New Zealand,Lightweight
ian-entwistle,APEX MMA,England,Bantamweight
rob-font,Team Sityodtong,USA,Bantamweight
guilherme-vasconcelos,,Brazil,Middleweight
bubba-bush,Brazos Valley MMA,USA,Middleweight
matt-van-buren,Alliance MMA,USA,Light Heavyweight
corey-anderson,Ricardo Almeida Jiu-Jitsu,USA,Light Heavyweight
dhiego-lima,American Top Team Atlanta,Brazil,Welterweight
eddie-gordon,Serra-Longo Fight Team,USA,Middleweight
guto-inocente,Blackzilians,Brazil,Light Heavyweight
juan-puig,,Mexico,Featherweight
dan-spohn,Cambridge Martial Arts,USA,Light Heavyweight
patrick-walsh,Wai Kru MMA,USA,Middleweight
sarah-moras,Toshida MMA,Canada,Women's Bantamweight
alexis-dufresne,Team Quest -Portland,USA,Women's Bantamweight
robert-drysdale,,USA,Light Heavyweight
keith-berish,Black & Blue MMA,USA,Middleweight
jerrod-sanders,American Top Team OKC,USA,Bantamweight
claudia-gadelha,Jackson-Wink MMA,Brazil,Women's Strawweight
tina-lahdemaki,RNC Sport Club,Finland,
chris-dempsey,Cold Steel MMA,USA,Middleweight
cathal-pendred,,Ireland,Welterweight
mike-king,,Guam,Middleweight
patrick-holohan,SBG Ireland,Ireland,Flyweight
brian-ortega,Black House,USA,Featherweight
akbarh-arreola,Entram Gym,Mexico,Lightweight
tiago-trator,Team Nogueira,Brazil,Featherweight
andreas-stahl,,Sweden,Welterweight
gilbert-burns,Hard Knocks 365,Brazil,Lightweight
juliana-lima,Gracie Barra BH,Brazil,Women's Strawweight
joanna-jedrzejczyk,American Top Team,Poland,Women's Flyweight
alan-jouban,Black House,USA,Welterweight
lauren-murphy,MMA LAB,USA,
sam-alvey,Team Quest -Portland,USA,Light Heavyweight
frankie-saenz,Triton Fight Center,USA,Bantamweight
nolan-ticman,,USA,Flyweight
brendan-oreilly,,Australia,Welterweight
guangyou-ning,,China,Bantamweight
jianping-yang,Fight Emperor,China,
alberto-mina,Epic MMA,Brazil,Welterweight
shinsho-anzai,Team Climb,Japan,Welterweight
ulka-sasaki,Wajutsu Keishukai Tokyo,Japan,Flyweight
colby-covington,American Top Team,USA,Welterweight
yao-zhikui,,China,Flyweight
milana-dudieva,,Russia,Women's Bantamweight
clay-collard,The Pit Elevated Fight Team,USA,Featherweight
valmir-lazaro,Nova Uniao,Brazil,Lightweight
chris-heatherly,Fit or Fight,USA,
joby-sanchez,Jackson-Wink MMA,USA,Bantamweight
joe-soto,Central Valley Combat Academy,USA,Bantamweight
shayna-baszler,,,
damon-jackson,Fortis MMA,USA,Featherweight
chris-wade,Long Island MMA,USA,Lightweight
cain-carrizosa,,USA,Lightweight
tateki-matsuda,,Japan,Flyweight
wendell-oliveira,,Brazil,Welterweight
larissa-pacheco,Tata Fight Team,Brazil,Women's Bantamweight
rin-nakai,Pancrase Venus,Japan,Women's Bantamweight
masanori-kanehara,,Japan,Bantamweight
johnny-case,,,
eddie-alvarez,Ricardo Almeida Jiu-Jitsu,USA,Lightweight
jan-blachowicz,Berkut WCA Fight Team,Poland,Light Heavyweight
scott-askham,Ludus Magnus,England,Middleweight
charles-rosa,American Top Team,USA,Featherweight
marcin-bandel,Drysdale Jiu-Jitsu,Poland,Lightweight
roman-salazar,Fight Ready,USA,Bantamweight
paul-felder,Roufusport,USA,Lightweight
chris-kelades,Fit Plus,Canada,Flyweight
matt-dwyer,Toshida MMA,Canada,Welterweight
christos-giagos,Black House,USA,Lightweight
daniel-kelly,Resilience Training Centre,Australia,Middleweight
leon-edwards,UTC Birmingham,England,Welterweight
jorge-de-oliveira,,Brazil,Welterweight
nina-ansaroff,American Top Team,USA,Women's Strawweight
diego-rivas,Elemental Dojo,Chile,Bantamweight
rodolfo-rubio,,Mexico,Featherweight
thomas-almeida,Chute Boxe,Brazil,Bantamweight
augusto-montano,Jackson-Wink MMA,Mexico,Welterweight
hector-urbina,,,
yair-rodriguez,Valle Flow Striking,Mexico,Featherweight
leonardo-morales,,Nicaragua,Bantamweight
alejandro-perez,AKA (American Kickboxing Academy),Mexico,Bantamweight
jose-quinonez,Alliance MMA,Mexico,Bantamweight
gabriel-benitez,AKA (American Kickboxing Academy),Mexico,Featherweight
humberto-brown,,Panama,Featherweight
henry-briones,Entram Gym,Mexico,Bantamweight
guido-cannetti,Our Town MMA,Argentina,Bantamweight
marlon-vera,Team Oyama,Ecuador,Bantamweight
marco-beltran,Invictus MMA,Mexico,Flyweight
josh-copeland,Grudge Training Center,USA,Heavyweight
paige-vanzant,American Top Team Portland,USA,Women's Flyweight
kailin-curran,Reign MMA,USA,Women's Strawweight
dooho-choi,Busan Team M.A.D.,Korea,Featherweight
justin-jones,Victory MMA,USA,
ashlee-evans-smith,Reign MMA,USA,Women's Flyweight
carla-esparza,Team Oyama,USA,Women's Strawweight
rose-namajunas,Genesis Training Center,USA,Women's Strawweight
jessica-penne,Alliance MMA,USA,Women's Strawweight
randa-markos,Michigan Top Team,Canada,Women's Strawweight
felice-herrig,Team Curran,USA,Women's Strawweight
lisa-ellis,United Training Center,USA,Women's Strawweight
bec-rawlings,,Australia,
heather-clark,Syndicate MMA,USA,Women's Strawweight
seo-hee-ham,Busan Team M.A.D.,Korea,Women's Strawweight
joanne-calderwood,Syndicate MMA,Scotland,Women's Flyweight
angela-magana,,USA,Women's Strawweight
tecia-torres,American Top Team,USA,Women's Strawweight
aisling-daly,,Ireland,Women's Strawweight
alex-chambers,American Top Team,Australia,Women's Strawweight
emily-kagan,,USA,Women's Strawweight
angela-hill,Alliance MMA,USA,Women's Strawweight
willie-gates,,USA,Flyweight
bryan-barberena,MMA LAB,USA,Welterweight
henry-cejudo,Fight Ready,USA,Flyweight
anthony-birchak,APEX MMA,USA,Bantamweight
antonio-dos-santos,Champion Team,Brazil,Middleweight
renato-moicano,Constrictor Team,Brazil,Featherweight
jake-collier,No Excuses MMA,USA,Light Heavyweight
cody-garbrandt,Team Alpha Male,USA,Bantamweight
jared-cannonier,MMA LAB,USA,Light Heavyweight
marion-reneau,,USA,Women's Bantamweight
ron-stallings,,USA,Middleweight
frankie-perez,Ricardo Almeida Jiu-Jitsu,USA,Lightweight
sultan-aliev,American Top Team,Russia,Welterweight
makwan-amirkhani,SBG Ireland,Finland,Featherweight
anthony-christodoulou,Renzo Gracie Jiu-Jitsu,Greece,Lightweight
paul-redmond,,Ireland,Featherweight
konstantin-erokhin,,Russia,Heavyweight
cody-pfister,,USA,Lightweight
holly-holm,Jackson-Wink MMA,USA,Women's Featherweight
masio-fullen,,Mexico,Featherweight
alex-torres,,,
joe-duffy,The MMA Clinic,Ireland,Lightweight
alex-oliveira,Tata Fight Team,Brazil,Welterweight
fredy-serrano,,Colombia,Flyweight
bentley-syler,American Top Team,Bolivia,Flyweight
julianna-pena,Sikjitsu,USA,Women's Bantamweight
shamil-abdurakhimov,Peresvet FT,Russia,Heavyweight
timothy-johnson,Academy of Combat Arts,USA,Heavyweight
maryna-moroz,YK Promotion,Sweden,Women's Flyweight
bartosz-fabinski,,Poland,Middleweight
garreth-mclellan,,South Africa,Middleweight
mickael-lebout,Crossfight,France,Lightweight
damian-stasiak,United Gym,Poland,Bantamweight
alexandra-albu,Red Fury Fight Team,Russia,Women's Strawweight
izabela-badurek,,Poland,Women's Strawweight
stevie-ray,Higher Level Martial Arts,Scotland,Lightweight
rocky-lee,,Taiwan,Featherweight
taylor-lapilus,,France,Bantamweight
shane-campbell,,Canada,Lightweight
jessica-rakoczy,,Canada,Women's Strawweight
jonavin-webb,Renzo Gracie Philly,USA,Welterweight
ben-nguyen,Integrated MMA,USA,Flyweight
levan-makashvili,,USA,Featherweight
leo-kuntz,,USA,
islam-makhachev,FightSpirit Team,Russia,Lightweight
darren-till,Team Kaobon,England,Welterweight
nicolas-dalby,,,
elizeu-zaleski-dos-santos,CM System,Brazil,Welterweight
ericka-almeida,Academy Octavio Almeida,Brazil,Women's Strawweight
tom-breese,TriStar Gym,England,Middleweight
steve-kennedy,,Australia,Welterweight
lukasz-sajewski,,Poland,Lightweight
arnold-allen,BKK Fighters,England,Featherweight
magomed-mustafaev,American Top Team,Russia,Lightweight
steve-bosse,TriStar Gym,Canada,Light Heavyweight
joe-merritt,Millennia MMA,USA,
lewis-gonzalez,MMAGold Fight Team,USA,
steve-montgomery,,USA,Middleweight
tony-sims,Elevation Fight Team,USA,Lightweight
sirwan-kakai,American Top Team,Sweden,Bantamweight
hayder-hassan,American Top Team,USA,Welterweight
kamaru-usman,Hard Knocks 365,Nigeria,Welterweight
vicente-luque,Hard Knocks 365,Brazil,Welterweight
michael-graves,American Top Team,USA,Welterweight
michelle-waterson,Jackson-Wink MMA,USA,Women's Strawweight
dominic-waters,Nor-Cal Fighting Alliance,USA,Welterweight
lyman-good,Team Tiger Schulman,USA,Welterweight
cortney-casey,Sanchez BJJ and Finess,USA,Women's Strawweight
teemu-packalen,Finnfighters Gym,Finland,Lightweight
jimmie-rivera,Team Tiger Schulman,Puerto Rico,Bantamweight
chris-de-la-rocha,Forge Combat Academy,USA,Heavyweight
andrew-holbrook,Indy Boxing & Grappling,USA,Lightweight
dominique-steele,Team Vision,USA,Welterweight
fernando-bruno,,Brazil,Featherweight
glaico-franca,Astra Fight Team,Brazil,Lightweight
reginaldo-vieira,,Brazil,Bantamweight
dileno-lopes,Nova Uniao,Brazil,Bantamweight
jessica-aguilar,American Top Team,USA,Women's Strawweight
geane-herrera,,USA,Flyweight
oluwale-bamgbose,,USA,Middleweight
jonathan-wilson,Millennia MMA,USA,Middleweight
scott-holtzman,Shield Systems MMA,USA,Lightweight
misha-cirkunov,Xtreme Couture,Latvia,Light Heavyweight
daniel-jolly,,USA,Light Heavyweight
nazareno-malegarie,Team Tavares,Argentina,Lightweight
joaquim-silva,Evolucao Thai,Brazil,Lightweight
sage-northcutt,Team Alpha Male,USA,Welterweight
matheus-nicolau,,,
bruno-korea,,Brazil,Bantamweight
anton-zafir,,Australia,Welterweight
erick-montano,,Mexico,Welterweight
enrique-marin,,Spain,Welterweight
enrique-barzola,Pitbull Brothers,Peru,Featherweight
horacio-gutierrez,Chicago Fight Team,Mexico,Featherweight
vernon-ramos,,Panama,Welterweight
alvaro-herrera,Jackson-Wink MMA,Mexico,Welterweight
cesar-arzamendia,,Paraguay,Lightweight
polo-reyes,Entram Gym,Mexico,Lightweight
alex-morono,Fortis MMA,USA,Welterweight
justine-kish,Black House,USA,Women's Flyweight
mehdi-baghdad,Black House,France,Lightweight
luke-sanders,Nashville MMA,USA,Bantamweight
kyle-bochniak,Broadway Jiu-Jitsu,USA,Featherweight
joey-gomez,Team Triumph,USA,Bantamweight
elvis-mutapcic,,,
randy-brown,Budokan Martial Arts Academy,Jamaica,Welterweight
felipe-olivieri,Nova Uniao,Brazil,Lightweight
alex-nicholson,American Top Team,USA,Middleweight
damian-grabowski,Lutadores Opole,Poland,Heavyweight
mike-jackson,4oz Fight Club,USA,Welterweight
mickey-gall,Miller Brothers MMA,USA,Welterweight
artem-lobov,SBG Ireland,Ireland,Featherweight
augusto-mendes,MMA LAB,Brazil,Bantamweight
leonardo-guimaraes,MMA Masters,Brazil,Middleweight
nathan-coy,American Top Team,USA,Welterweight
kelly-faszholz,Nor-Cal Fighting Alliance,USA,Women's Bantamweight
jarjis-danho,Hammers Team,,Heavyweight
thibault-gouti,Jackson-Wink MMA,France,Lightweight
martin-svensson,Frontier MMA,Sweden,Lightweight
david-teymur,Allstars Training Center,Sweden,Lightweight
valentina-shevchenko,Tiger Muay Thai,Kyrgyzstan,Women's Flyweight
teruto-ishihara,Team Alpha Male,Japan,Bantamweight
julian-erosa,Yakima MMA,USA,Featherweight
damien-brown,Integrated MMA,Australia,Lightweight
curtis-blaydes,Elevation Fight Team,USA,Heavyweight
francis-ngannou,MMA Factory,Cameroon,Heavyweight
marcin-tybura,United Gym,Poland,Heavyweight
cristina-stanciu,,Romania,Women's Strawweight
damir-hadzovic,Rumble Sports,Bosnia & Herzegovina,Lightweight
filip-pejic,,Croatia,Bantamweight
cyril-asker,Bushido Academie,France,Heavyweight
bojan-velickovic,Elevation Fight Team,Serbia,Welterweight
alessio-di-chirico,Gloria Fight Center,Italy,Middleweight
darrell-horcher,Unrivaled Athletics,USA,Lightweight
danny-roberts,Next Generation UK,England,Welterweight
cody-east,,USA,Heavyweight
anna-elmose,Rumble Sports,Denmark,Women's Strawweight
karolina-kowalkiewicz,Top Team Lodz,Poland,Women's Strawweight
josh-emmett,Team Alpha Male,USA,Featherweight
cris-cyborg,Chute Boxe,Brazil,Women's Featherweight
luan-chagas,Gile Ribeiro Team / Noguchi Team,Brazil,Welterweight
jordan-rinaldi,Team R.O.C.,USA,Lightweight
alberto-uda,Nova Uniao,Brazil,Middleweight
adam-milstead,Pittsburgh Fight Club,USA,
henrique-da-silva,Minhoca Top Team,Brazil,Light Heavyweight
dong-hyun-ma,Busan Team M.A.D.,Korea,Lightweight
ion-cutelaba,WWFC Promotion,Moldova,Light Heavyweight
jocelyn-jones-lybarger,,USA,Women's Strawweight
jonathan-meunier,TriStar Gym,Canada,Welterweight
belal-muhammad,Roufusport,USA,Welterweight
andrew-sanchez,TriStar Gym,USA,Middleweight
khalil-rountree-jr,Syndicate MMA,USA,Light Heavyweight
amanda-cooper,Scorpion Fighting System,USA,Women's Strawweight
tatiana-suarez,Millennia MMA,USA,Women's Strawweight
will-brooks,American Top Team,USA,Lightweight
josh-stansbury,Team Impact,USA,Light Heavyweight
cory-hendricks,Syndicate MMA,USA,Light Heavyweight
lando-vannata,Jackson-Wink MMA,USA,Lightweight
katlyn-chookagian,Renzo Gracie Jiu-Jitsu,USA,Women's Flyweight
eric-spicely,TriStar Gym,USA,Middleweight
matthew-lopez,Reign MMA,USA,Bantamweight
devin-clark,Jackson-Wink MMA,USA,Light Heavyweight
bojan-mihajlovic,Family Fight Team,Serbia,Heavyweight
jc-cottrell,,USA,Lightweight
jason-knight,Alan Belcher MMA Club,USA,Featherweight
luis-henrique,Rizzo RVT,Brazil,Heavyweight
dmitrii-smoliakov,Baltic Challenge Team,Russia,Heavyweight
hector-sandoval,Team Alpha Male,USA,Flyweight
joe-gigliotti,Power MMA Team,USA,Middleweight
danielle-taylor,Saekson Muay Thai,USA,Women's Strawweight
jason-novelli,,,
chase-sherman,Jackson-Wink MMA,USA,Heavyweight
justin-ledet,Gracie Barra Katy,USA,Light Heavyweight
mike-perry,American Top Team,USA,Welterweight
sabah-homasi,American Top Team,USA,Welterweight
chris-avila,,USA,Featherweight
max-griffin,Marinoble's Martial Arts,USA,Welterweight
marvin-vettori,Kings MMA,Italy,Middleweight
felipe-silva,CM System,Brazil,Lightweight
alessandro-ricci,,Canada,Lightweight
jeremy-kennedy,Xtreme Couture,Canada,Featherweight
jim-wallhead,Team Rough House,England,Welterweight
jessin-ayari,Hammers Team,Germany,Welterweight
veronica-macedo,MMA Factory,Venezuela,Women's Flyweight
christian-colombo,Combat Sports Academy,Denmark,Heavyweight
jack-hermansson,Frontline Academy,Norway,Middleweight
cm-punk,Roufusport,USA,Welterweight
michael-mcbride,,USA,Lightweight
jason-gonzalez,Millennia MMA,USA,Lightweight
rick-glenn,Team Alpha Male,USA,Featherweight
albert-morales,Systems Training Center,USA,Bantamweight
lina-lansberg,Redline Training Center,Sweden,Women's Bantamweight
gregor-gillespie,Bellmore Kickboxing Academy,USA,Lightweight
zak-ottow,Pura Vida BJJ,USA,Welterweight
brandon-moreno,Entram Gym,Mexico,Flyweight
joachim-christensen,,Denmark,Light Heavyweight
ketlen-vieira,Nova Uniao,Brazil,Women's Bantamweight
marc-diakiese,Atherton Submission Wrestling,England,Lightweight
marcin-held,,Poland,Lightweight
martin-bravo,Entram Gym,Mexico,Featherweight
claudio-puelles,Pitbull Martial Arts Center,Peru,Lightweight
alexa-grasso,Lobo Gym MMA,Mexico,Women's Strawweight
alexander-volkov,Strela Team,Russia,Heavyweight
jack-marshman,Tillery Combat MMA Academy,Wales,Middleweight
mark-godbeer,Scottish Hit Squad,England,
brett-johns,Chris Rees Academy,Wales,Bantamweight
kwan-ho-kwak,Korean Top Team,Korea,Bantamweight
abdul-razak-alhassan,Fortis MMA,Ghana,Welterweight
charlie-ward,SBG Ireland,Ireland,Welterweight
gadzhimurad-antigulov,American Top Team,Russia,Light Heavyweight
darren-stewart,The MMA Clinic,England,Middleweight
yusuke-kasuya,,Japan,Lightweight
alexander-volkanovski,City Kickboxing,Australia,Featherweight
tyson-pedro,Lions High Performance Centre,Australia,Light Heavyweight
jenel-lausa,Team Capanay,Philippines,Flyweight
ryan-hall,TriStar Gym,USA,Lightweight
matt-schnell,American Top Team,USA,Bantamweight
jamie-moyle,Syndicate MMA,USA,Women's Strawweight
saparbeg-safarov,Legion Fight Team,Russia,Light Heavyweight
ashley-yoder,Team Quest -Portland,USA,Women's Strawweight
brian-camozzi,FactoryX Muay Thai,USA,Welterweight
gerald-meerschaert,Roufusport,USA,Middleweight
shane-burgos,Team Tiger Schulman,USA,Featherweight
ryan-janes,Zugec Ultimate Martial Arts,Canada,
jj-aldrich,Freedom Fighters,USA,Women's Flyweight
emil-meek,Frontline Academy,Norway,Welterweight
viviane-pereira,Dragon Kombat,Brazil,Women's Strawweight
paul-craig,Scottish Hit Squad,Scotland,Light Heavyweight
irene-aldana,Lobo Gym MMA,Mexico,Women's Bantamweight
niko-price,American Top Team Cape Coral,USA,Welterweight
devin-powell,Nostos MMA,USA,Lightweight
drakkar-klose,Fight Ready,USA,Lightweight
bobby-nash,,USA,Welterweight
jordan-johnson,MMA LAB,USA,Light Heavyweight
jeremy-kimball,Team Wildman Vale Tudo,USA,
alexandre-pantoja,Nova Uniao,Brazil,Flyweight
eric-shelton,Rodrigo Pinheiro BJJ,USA,Flyweight
volkan-oezdemir,Hard Knocks 365,Switzerland,Light Heavyweight
marcel-fortuna,AKA (American Kickboxing Academy),Brazil,Light Heavyweight
chris-gruetzemacher,2 Knuckle Sports MMA Academy,USA,Lightweight
ricardo-ramos,Black Sheep MMA,Brazil,Bantamweight
gavin-tucker,Titans MMA,Canada,Featherweight
gina-mazany,Xtreme Couture,USA,Women's Bantamweight
aiemann-zahabi,TriStar Gym,Canada,Bantamweight
cynthia-calvillo,Team Alpha Male,USA,Women's Strawweight
daniel-spitz,Sikjitsu,USA,Heavyweight
andre-soukhamthath,Hard Knocks 365,USA,Bantamweight
davi-ramos,Team Nogueira,Brazil,Lightweight
paulo-costa,Champion Team,Brazil,Middleweight
lucie-pudilova,KBC Pribram-MMA,Czech Republic,Women's Flyweight
pearl-gonzalez,,USA,Women's Strawweight
desmond-green,Hard Knocks 365,USA,Lightweight
magomed-bibulatov,Akhmat Fight Team,Russia,Flyweight
tom-duquesnoy,Jackson-Wink MMA,France,Bantamweight
cindy-dandois,Perfect Team,Belgium,Women's Bantamweight
rashad-coulter,Fortis MMA,USA,Light Heavyweight
oliver-enkamp,Pancrase Gym Sweden,Sweden,Welterweight
marlon-moraes,Ricardo Almeida Jiu-Jitsu,Brazil,Bantamweight
brian-kelleher,Maxum BJJ,USA,Bantamweight
deiveson-figueiredo,Marajo Brothers Team,Brazil,Flyweight
luke-jumeau,Phuket Top Team,New Zealand,Welterweight
ashkan-mokhtarian,Australian Top Team,Iran,Flyweight
chanmi-jeon,Kukje Gym,Korea,Women's Strawweight
rolando-dy,Biagtian Muay Thai,Philippines,Featherweight
frank-camacho,Trench Tech,Guam,Welterweight
carls-john-de-tomas,De Tomas MMA,Philippines,Flyweight
naoki-inoue,Hakushinkai Karate,Japan,Flyweight
ji-yeon-kim,MOB Training Center,Korea,Women's Flyweight
dominick-reyes,Cage Combat Academy,USA,Light Heavyweight
michel-quinones,American Top Team Wolfpack,USA,Lightweight
jared-gordon,Roufusport,USA,Lightweight
justin-gaethje,Elevation Fight Team,USA,Lightweight
nick-roehrick,,,
tom-gallicchio,Team Quest -Portland,USA,Welterweight
terrion-ware,,USA,Bantamweight
cody-stamann,Michigan Top Team,USA,Bantamweight
trevin-giles,Texas Elite MMA,USA,Middleweight
james-bochnovic,Rothwell MMA,USA,Middleweight
matt-bessette,Underdog BJJ,USA,Featherweight
azunna-anyanwu,Renzo Gracie Philly,USA,Heavyweight
greg-rebello,,USA,Heavyweight
boston-salmon,Xtreme Couture,USA,Bantamweight
ricky-turcios,,USA,Bantamweight
charles-byrd,Fortis MMA,USA,Middleweight
jamie-pickett,,USA,Middleweight
manny-vazquez,,USA,Flyweight
justin-willis,AKA (American Kickboxing Academy),USA,Heavyweight
james-mulheron,,England,Heavyweight
galore-bofando,,England,Welterweight
danny-henry,Higher Level Martial Arts,Scotland,Featherweight
daniel-teymur,Allstars Training Center,Sweden,Featherweight
amanda-lemos,Marajo Brothers Team,Brazil,Women's Bantamweight
angel-de-anda,Last Stand Fight Team,USA,Heavyweight
sean-omalley,MMA LAB,USA,Bantamweight
alfred-khashakyan,,USA,Bantamweight
thanh-le,,USA,Featherweight
lazar-stojadinovic,,,Featherweight
sidney-outlaw,,USA,Welterweight
michael-cora,,USA,Welterweight
cj-hamilton,Contemporary Martial Arts,USA,Flyweight
casey-kenney,Rise Combat Sports,USA,Bantamweight
eryk-anders,Fortis MMA,USA,Light Heavyweight
junior-albini,American Top Team,Brazil,Heavyweight
ryan-spann,Fortis MMA,USA,Light Heavyweight
karl-roberson,Killer B Combat Sports Academy,USA,Light Heavyweight
kyle-stewart,Arizona Combat Sports,USA,Welterweight
jason-jackson,Hard Knocks 365,USA,Welterweight
geoff-neal,Fortis MMA,USA,Welterweight
chase-waldon,,USA,Middleweight
alonzo-menifield,Fortis MMA,USA,Light Heavyweight
dan-ige,Xtreme Couture,USA,Featherweight
luis-gomez,American Top Team,USA,Featherweight
tonya-evinger,Team Quest -Portland,USA,Women's Featherweight
calvin-kattar,Carlos Neto BJJ,USA,Featherweight
jarred-brooks,Mash Fight Team,USA,Flyweight
phil-hawes,TriStar Gym,USA,Middleweight
julian-marquez,Syndicate MMA,USA,Middleweight
james-gray,,USA,Bantamweight
kyler-phillips,MMA LAB,USA,Bantamweight
ronaldo-candido-de-oliveira,Nova Uniao,Brazil,Flyweight
carlos-candelario,Underdog BJJ,USA,Flyweight
austin-arnett,Sikjitsu,USA,Featherweight
brandon-davis,Alan Belcher MMA Club,USA,Bantamweight
john-castaneda,The Academy,USA,Bantamweight
cheyden-leialoha,,USA,Bantamweight
humberto-bandenay,Pro Fighting Peru,Peru,Featherweight
roberto-sanchez,Gracie Barra Katy,USA,Flyweight
joseph-morales,Team Alpha Male,USA,Flyweight
jamelle-jones,,USA,Light Heavyweight
mike-rodriguez,Lauzon MMA,USA,Light Heavyweight
peter-petties,Team Lloyd Irvin,USA,Featherweight
julio-arce,Team Tiger Schulman,USA,Featherweight
kevin-gray,,,
alex-perez,Team Oyama,USA,Bantamweight
donavon-frelow,Wand Fight Team,USA,Bantamweight
ricky-simon,American Top Team Portland,USA,Bantamweight
shelton-graves,,USA,Heavyweight
everett-sims,,USA,Heavyweight
randall-wallace,Last Stand Fight Team,USA,Middleweight
adrian-diaz,Team Alpha Male,USA,Featherweight
grant-dawson,Glory MMA & Fitness,USA,Featherweight
cameron-olson,,USA,
karl-reed,,USA,Light Heavyweight
martin-day,Hawaii Elite MMA,USA,Bantamweight
jaime-alvarez,,,Flyweight
jamie-colleen,Renzo Gracie Jiu-Jitsu,USA,Women's Strawweight
tiffany-masters,,USA,Women's Strawweight
anton-berzin,,USA,Light Heavyweight
kennedy-nzechukwu,Fortis MMA,Nigeria,Light Heavyweight
steven-peterson,Fortis MMA,USA,Featherweight
benito-lopez,Team Alpha Male,USA,Bantamweight
jp-buys,,South Africa,Flyweight
mark-cherico,,USA,Featherweight
mike-santiago,Top Notch Fitness,USA,Featherweight
nick-urso,Jackson-Wink MMA,USA,Flyweight
jordan-espinosa,Luttrell-Yee MMA,USA,Flyweight
matt-frevola,Serra-Longo Fight Team,USA,Lightweight
jose-flores,,,Lightweight
bevon-lewis,Jackson-Wink MMA,USA,Middleweight
elias-urbina,,USA,Light Heavyweight
adam-antolin,,,
lauren-mueller,Alliance MMA,USA,Women's Flyweight
kelly-velasco,,USA,Women's Bantamweight
dontale-mayes,,USA,Heavyweight
allen-crowder,Team Rubao Carioca BJJ,USA,Heavyweight
rob-wilkinson,Hybrid Training Centre,Australia,Middleweight
talita-bernardo,Imperio Fight,Brazil,Women's Bantamweight
mads-burnell,Arte Suave Copenhagen,Denmark,Featherweight
aleksandar-rakic,Gym 23,Austria,Light Heavyweight
zabit-magomedsharipov,Ricardo Almeida Jiu-Jitsu,Russia,Featherweight
abdul-kerim-edilov,Akhmat Fight Team,Russia,Light Heavyweight
arjan-bhullar,Ryan's MMA - Checkmat Vancouver,Canada,Heavyweight
alex-reyes,Cage Combat Academy,USA,Welterweight
gokhan-saki,Mike's Gym,Turkey,Light Heavyweight
syuri-kondo,Vos Gym,Japan,Women's Strawweight
daichi-abe,HMC,Japan,Welterweight
kalindra-faria,Macaco Gold Team,Brazil,
mara-romero-borella,American Top Team,Italy,Women's Flyweight
poliana-botelho,Nova Uniao,Brazil,Women's Flyweight
jodie-esquibel,Jackson-Wink MMA,USA,Women's Strawweight
oskar-piechota,Piranha Grappling Team,Poland,Middleweight
nasrat-haqparast,TriStar Gym,Afghanistan,Lightweight
ramazan-emeev,Gorec,Azerbaijan,Middleweight
salim-touahri,Grappling Krakow,Poland,Welterweight
aspen-ladd,MMAGold Fight Team,USA,Women's Bantamweight
marcelo-golm,Corinthians MMA,Brazil,Heavyweight
jessica-rose-clark,,,
shane-young,City Kickboxing,New Zealand,Featherweight
tai-tuivasa,Lions High Performance Centre,Australia,Heavyweight
nadia-kassem,Australian Top Team,Australia,Women's Flyweight
adam-wieczorek,AKS Chorzow,Poland,Heavyweight
wang-guan,American Top Team,China,Featherweight
muslim-salikhov,Eagles MMA,Russia,Welterweight
sheymon-moraes,Team Nogueira,Brazil,Featherweight
song-kenan,Jackson-Wink MMA,China,Welterweight
yan-xiaonan,China Top Team,China,Women's Strawweight
song-yadong,Team Alpha Male,China,Bantamweight
bharat-kandare,Superhuman Gym,India,Bantamweight
wu-yanan,,China,Women's Bantamweight
wuliji-buren,,China,Bantamweight
hu-yaozong,ET MMA,China,Light Heavyweight
nicco-montano,Fit NHB,USA,Women's Flyweight
barb-honchak,Miletich Martial Arts,USA,Women's Flyweight
sijara-eubanks,Team Lloyd Irvin,USA,Women's Flyweight
deanna-bennett,The Pit Elevated Fight Team,USA,Women's Flyweight
melinda-fabian,Budapest Top Team,Hungary,
christina-marks,Fight Ugly,,Women's Flyweight
montana-de-la-rosa,Team Takedown,USA,Women's Flyweight
rachael-ostovich,Jesus is Lord,USA,Women's Flyweight
karine-gevorgyan,,Armenia,Women's Flyweight
ariel-beck,,USA,Women's Flyweight
shana-dobson,Team Lloyd Irvin,USA,Women's Flyweight
emily-whitmire,Xtreme Couture,USA,Women's Strawweight
gillian-robertson,American Top Team,Canada,Women's Flyweight
markus-perez,Viscardi Andrade Team,Brazil,Middleweight
merab-dvalishvili,Serra-Longo Fight Team,Georgia,Bantamweight
michal-oleksiejczuk,Gornik Leczna,Poland,Light Heavyweight
mark-de-la-rosa,Skrap Pack,USA,Bantamweight
cory-sandhagen,Elevation Fight Team,USA,Bantamweight
priscila-cachoeira,Parana Vale Tudo,Brazil,Women's Flyweight
maia-stevenson,Joe Stevenson's Cobra Kai,USA,Women's Strawweight
polyana-viana,American Top Team,Brazil,Women's Strawweight
israel-adesanya,City Kickboxing,Nigeria,Middleweight
curtis-millender,,,
tim-williams,Team Balance,USA,Middleweight
marcin-prachnio,Tatsujin Dojo,Poland,Light Heavyweight
manny-bermudez,South Shore Sport,USA,Bantamweight
yana-kunitskaya,,,
mackenzie-dern,Black House,USA,Women's Strawweight
alexander-hernandez,Ohana Academy,USA,Lightweight
john-phillips,SBG Ireland,Wales,Middleweight
hakeem-dawodu,,,
magomed-ankalaev,Gorets,Russia,Light Heavyweight
dmitry-sosnovskiy,,,
ricky-rainey,Renegade Fighting Systems,USA,Welterweight
dan-moret,,,
andrea-lee,Gladiators Training Academy,USA,Women's Flyweight
craig-white,,,
carlo-pedersoli,Gloria Fight Center,USA,Welterweight
molly-mccann,,,
chance-rencountre,Alliance MMA,USA,Welterweight
nathaniel-wood,Team Titan,England,Bantamweight
jose-torres,Combat-Do,USA,
megan-anderson,Glory MMA & Fitness,Australia,Women's Featherweight
dashawn-boatwright,,,
chris-curtis,Xtreme Couture,USA,
sean-lally,,USA,
greg-hardy,,,
austen-lane,,USA,
montel-jackson,Pura Vida BJJ,USA,Bantamweight
rico-disciullo,Team Sityodtong,USA,
kevin-holland,,,
will-santiago,,USA,Middleweight
matt-sayles,Alliance MMA,USA,Featherweight
yazan-hajeh,10th Planet Jiu-Jitsu,USA,
anthony-hernandez,,,
jordan-wright,,USA,
giga-chikadze,,,
austin-springer,,USA,
emiliano-sordi,,,
dwight-grant,AKA (American Kickboxing Academy),USA,Welterweight
tyler-hill,,,
petr-yan,Tiger Muay Thai,Russia,Bantamweight
hector-aldana,Torture Athletics,Mexico,Welterweight
antonina-shevchenko,,,
jaimelene-nievera,,,
austin-tweedy,,,
te-edwards,MMA LAB,USA,Lightweight
josh-parisian,,,
jamall-emmers,,,
tim-caron,,USA,
jordan-williams,Nor-Cal Fighting Alliance,USA,
michael-trizano,Team Tiger Schulman,USA,Lightweight
joe-giannetti,South Shore Sport,USA,Lightweight
jay-cucciniello,,,
brad-katona,SBG Ireland,Canada,Bantamweight
richie-smullen,,,
luis-pena,AKA (American Kickboxing Academy),Italy,Featherweight
allan-zuniga,,,
john-gunther,Fight Farm,USA,Lightweight
bryce-mitchell,,,
tyler-diamond,,,
kevin-aguilar,Longview MMA,USA,Featherweight
alton-cunningham,Pura Vida BJJ,USA,
toby-misech,,,
ricky-palacios,,USA,
rilley-dutro,I & I Training Center,USA,
jalin-turner,Adrenaline Combat Sports,USA,Lightweight
max-mustaki,,,
blagoy-ivanov,SK Absolute Bulgaria,Bulgaria,Heavyweight
said-nurmagomedov,,,
raoni-barcelos,Rizzo RVT,Brazil,Bantamweight
jennifer-maia,Chute Boxe,Brazil,Women's Flyweight
elias-garcia,,,
maycee-barber,,,
vince-morales,Xtreme Couture,USA,Bantamweight
domingo-pilarte,,,
anthony-adams,Team Wildman Vale Tudo,USA,
chibwikem-onyenegecha,,,
austin-vanderford,American Top Team Portland,USA,Middleweight
angelo-trevino,Team Alpha Male,USA,
edmen-shahbazyan,,,
antonio-jones,,USA,
abu-azaitar,,,
david-zawada,UFD Gym,Germany,Welterweight
nad-narimani,Iron Mann MMA,England,Featherweight
khalid-taha,Arena Dortmund,Germany,Bantamweight
darko-stosic,MMA Red Star,Serbia,Light Heavyweight
liu-pingyuan,,,
nick-newell,Fighting Arts Academy,USA,Catch Weight
alex-munoz,Team Alpha Male,USA,
jimmy-crute,Greco and Stewie's House,Australia,Light Heavyweight
chris-birchler,,,
mike-davis,Pete White Boxing and MMA,USA,
sodiq-yusuff,Team Lloyd Irvin,Nigeria,Featherweight
jeff-hughes,Strong Style Fight Team,USA,Heavyweight
josh-appelt,Team Alpha Male,USA,
chase-hooper,Combat Sport and Fitness,USA,
canaan-kawaihae,,USA,
roosevelt-roberts,Cortez Martial Arts,USA,Lightweight
garrett-gross,Sabens Martial Arts,USA,
mitchell-sipe,,,
ian-heinisch,FactoryX Muay Thai,USA,Middleweight
justin-sumter,,,
maurice-mitchell,Team Alpha Male,USA,
jordan-griffin,,,
juan-adams,Paradigm Training Center,USA,Heavyweight
shawn-teed,Ricardo Almeida Jiu-Jitsu,USA,
zhang-weili,Black Tiger Fight Club,China,Women's Strawweight
tebaris-gordon,,,
joseph-lowry,,USA,
devonte-smith,FactoryX Muay Thai,USA,Lightweight
dennis-bryant,,USA,
bobby-moffett,MMA LAB,USA,Featherweight
jacob-kilburn,,USA,
marty-coughran,,USA,
alex-gilpin,,,
maiara-amanajas-dos-santos,,Brazil,
sarah-frota,,,
antonio-arroyo,,Brazil,
diego-henrique-da-silva,,,
marcos-conrado-jr,,,
augusto-sakai,,,
rogerio-bontorin,Gile Ribeiro Team / Noguchi Team,Brazil,Flyweight
gustavo-gabriel,,,
mayra-bueno-silva,Chute Boxe,Brazil,Women's Bantamweight
mayana-kellem,,Brazil,
leonardo-silva-de-oliveira,,Brazil,
marina-rodriguez,,Brazil,Women's Strawweight
maria-de-oliveira-neta,,,
johnny-walker,Imperio Fight,Brazil,Light Heavyweight
taila-santos,,,
estefani-almeida,,,
andre-muniz,,Brazil,
bruno-assis,,Brazil,
allan-nascimento,,,
raulian-paiva,Ronildo Nobre Judo Club,Brazil,Flyweight
vinicius-moreira,Five Rounds,Brazil,Light Heavyweight
john-allan,,,
mabelly-lima,Master Kombat,Brazil,Women's Bantamweight
luana-carolina,,,
gisele-moreira,,Brazil,
dayana-silva,,,
thiago-moises,American Top Team,Brazil,Lightweight
gleidson-cutis,,Brazil,Lightweight
aleksei-kunchenko,,,
khalid-murtazaliev,Krepost,Russia,Middleweight
jin-soo-son,,,
adam-yandiev,,Russia,Middleweight
stefan-sekulic,Family Fight Team,Serbia,Welterweight
andre-ewell,,,
luigi-vendramini,,Italy,Welterweight
livinha-souza,Team Maximo,Brazil,Women's Strawweight
jonathan-martinez,Different Breed MMA,USA,Bantamweight
chris-fishgold,Next Generation UK,England,Featherweight
don-madge,,,
hannah-cifers,,,
laureano-staropoli,,,
jesus-pinedo,Pitbull Martial Arts Center,Peru,Lightweight
anderson-dos-santos,,,
sergei-pavlovich,,Russia,Heavyweight
su-mudaerji,Enbo Gedou,China,
juan-espino,American Top Team,Spain,Heavyweight
justin-frazier,,,
pannie-kianzad,Arte Suave Copenhagen,Sweden,Women's Featherweight
macy-chiasson,Fortis MMA,USA,Women's Bantamweight
julija-stoliarenko,,,
leah-letson,Pura Vida BJJ,USA,Women's Featherweight
chris-gutierrez,,,
maurice-greene,The Performance Compound,USA,Heavyweight
michel-batista,,,
suman-mokhtarian,Australian Top Team,Australia,
kai-kara-france,City Kickboxing,New Zealand,Flyweight
damir-ismagulov,Boets MMA,Russia,Lightweight
alex-gorgees,,,
kyle-nelson,,,
ariane-lipski,Rasthai Temple,Brazil,Women's Flyweight
mario-bautista,MMA LAB,USA,Bantamweight
jairzinho-rozenstruik,Team Bigi Boy,Suriname,Heavyweight
geraldo-de-freitas,Rio Fighters,Brazil,Bantamweight
felipe-colares,Team Nogueira,Brazil,Bantamweight
marcos-mariano,Killer Bees,Brazil,Lightweight
callan-potter,,,
klidson-abreu,Evolucao Thai,Brazil,Light Heavyweight
ismail-naurdiev,,,
joel-alvarez,,Spain,
ben-askren,,,
nicolae-negumereanu,CSS Dinamo Bra?ov,Romania,Light Heavyweight
mike-grundy,,,
ryan-macdonald,Disorderly Conduct,USA,Bantamweight
sabina-mazo,,,
zelim-imadaev,,Russia,Welterweight
randy-costa,,,
arman-tsarukyan,,Russia,Lightweight
alen-amedovski,American Top Team Rome,Macedonia,Middleweight
movsar-evloev,,Russia,Featherweight
seungwoo-choi,,Korea,Featherweight
alex-da-silva,,,
rafael-fiziev,Phuket Top Team,Kyrgyzstan,Lightweight
thomas-gifford,FactoryX Muay Thai,USA,Lightweight
takashi-sato,Tribe Tokyo MMA,Japan,Welterweight
virna-jandiroba,,,
serghei-spivac,,Moldova,
marc-andre-barriault,,,
kyle-prepolec,,,
cole-smith,,,
carlos-huachin,,,
viviane-araujo,Cerrado MMA,Brazil,Women's Bantamweight
felicia-spencer,Jungle MMA,Canada,Women's Lightweight
derrick-krantz,Team 515,USA,
austin-hubbard,Elevation Fight Team,USA,
charles-jourdain,Academie Pro Star MMA,Canada,Featherweight
michel-pereira,Scorpion Fighting System,Brazil,
sung-bin-jo,,Korea,
rostem-akman,,,
sergey-khandozhko,,Russia,Welterweight
bea-malecki,,Sweden,
duda-santana,Tata Fight Team,Brazil,Women's Bantamweight
danilo-belluardo,Stabile Fight Team,Italy,
grigorii-popov,,Russia,Bantamweight
punahele-soriano,,,
hannah-goldy,,USA,
kali-robbins,,USA,
bill-algeo,,USA,
alton-meeks,,USA,
yorgan-de-castro,,,
deron-winn,,,
tony-johnson,,,
zach-zane,Black House,USA,
justin-gonzales,,USA,
michael-lombardo,,USA,
kyle-daukaus,,,
richie-santiago,,,
miles-johns,,,
miguel-baeza,MMA Masters,USA,
victor-reyna,,,
journey-newson,,USA,
dalcha-lungiambula,,South Africa,Light Heavyweight
dequan-townsend,,USA,
amanda-ribas,,,
nohelin-hernandez,AKA (American Kickboxing Academy),USA,
julia-avila,,,
jesse-wallace,,USA,
joseph-solecki,,,
kenneth-bergh,,,
antonio-trocoli,,,
christian-ocon,,USA,Bantamweight
hunter-azure,,USA,Bantamweight
maki-pitolo,,,
jonathan-pearce,MMA LAB,USA,
jacob-rosales,,,
wellington-turman,,Brazil,
brianna-van-buren,AKA (American Kickboxing Academy),USA,
stephen-regman,,,
ode-osbourne,,USA,
armando-villarreal,,USA,
ricardo-prasel,,Brazil,
lance-lawrence,,,
kevin-syler,American Top Team,Bolivia,
brendan-allen,,,
aaron-jeffery,,Canada,
gabriel-silva,,,
ramazan-kuramagomedov,,Russia,
terrance-mckinney,,,
sean-woodson,,USA,
christian-lohsen,,,
jj-okanovich,,USA,
jamahal-hill,,,
alexander-poppeck,Munich MMA,Germany,
billy-quarantillo,Gracie Tampa South,USA,
kamuela-kirk,,USA,
yoshinori-horie,,Japan,
aleksa-camur,,,
fabio-cherant,,USA,
steven-nguyen,,,
aalon-cruz,,,
tracy-cortez,,USA,Women's Bantamweight
mariya-agapova,,Kazakhstan,
daniel-rodriguez,,USA,
rico-farrington,,,
rodrigo-nascimento,,,
michal-martinek,,,
cole-williams,,USA,
miranda-granger,Charlie's Combat Club,USA,
omar-morales,,,
harvey-park,Force Of One Martial Arts,USA,
marilia-santos,,Brazil,
lucrezia-ria,,Italy,
herbert-burns,Evolve MMA,Brazil,
darrick-minner,Premier Combat Center,USA,
taylor-johnson,,,
dwight-joseph,,Liberia,
jason-perrin,,USA,
eduardo-garagorri,,,
rodolfo-vieira,Team Nogueira,Brazil,
ciryl-gane,MMA Factory,France,Heavyweight
raphael-pessoa,,Brazil,Heavyweight
kazula-vargas,,Mexico,
herdem-alacabek,,,
william-knight,,USA,
devin-smyth,,USA,
brok-weaver,,,
sarah-alpar,,USA,
shanna-young,,,
ray-rodriguez,,,
tony-gravely,,USA,
julius-anglickas,,Lithuania,Light Heavyweight
khama-worthy,,,
leon-shahbazyan,,USA,
phil-rowe,,,
marcos-brigagao,,Brazil,
jamal-pogues,,USA,
desmond-torres,,,
steve-garcia,,USA,
mallory-martin,,,
micol-di-segni,,Italy,
ricky-steele,,,
phil-caracappa,,USA,
dusko-todorovic,,,
teddy-ash,,Canada,
kailan-hill,,,
impa-kasanganay,,USA,
sang-hoon-yoo,,,
peter-barrett,,USA,
ben-sosoli,,Australia,
dustin-joynson,Zugec Ultimate Martial Arts,Canada,
tj-brown,,,
dylan-lockard,,,
mizuki-inoue,,,
jun-yong-park,Korean Top Team,Korea,Middleweight
da-un-jung,,Korea,
khadis-ibragimov,,,
alateng-heili,,China,
danaa-batgerel,,,
karol-rosa,,Brazil,
lara-procopio,Nova Uniao,Brazil,
lerone-murphy,All Powers Gym,England,
liana-jojua,,,
ottman-azaitar,,Morocco,
fares-ziam,,,
tristan-connelly,Island MMA,Canada,
askar-askarov,,Russia,
vanessa-melo,Babuino Gold Team,Brazil,
ariane-carnelossi,,Brazil,
tyson-nam,,,
mark-o-madsen,Rumble Sports,Denmark,Welterweight
makhmud-muradov,Ankos MMA,Uzbekistan,
jack-shore,,Wales,
justin-tafa,,Australia,
brad-riddell,City Kickboxing,New Zealand,
jamie-mullarkey,,,
zarah-fairn,,France,
bruno-silva,Pitbull Brothers,Brazil,
kron-gracie,Gracie Humaita,Brazil,Featherweight
diana-belbita,,Romania,
sean-brady,Renzo Gracie Philly,USA,
tanner-boser,,Canada,
loma-lookboonmee,Tiger Muay Thai,Thailand,Women's Strawweight
