,Fighter,KD,Sig. str.,Sig. str. %,Total str.,Td,Td %,Sub. att,Pass,Rev.,Sig. str,Head,Body,Leg,Distance,Clinch,Ground
0,Michael Bisping Jason Day,0  0,25 of 43  7 of 12,58%  58%,40 of 61  8 of 13,2 of 2  0 of 0,100%  0%,0  0,3  0,0  0,25 of 43  7 of 12,18 of 36  3 of 7,3 of 3  0 of 1,4 of 4  4 of 4,4 of 13  7 of 12,4 of 5  0 of 0,17 of 25  0 of 0
0,Mike Swick Marcus Davis,0  0,32 of 86  31 of 55,37%  56%,71 of 131  82 of 107,2 of 2  3 of 5,100%  60%,1  2,7  0,0  0,32 of 86  31 of 55,14 of 61  20 of 41,13 of 20  3 of 4,5 of 5  8 of 10,6 of 21  13 of 33,9 of 20  14 of 17,17 of 45  4 of 5
0,Thales Leites Nate Marquardt,1  0,13 of 45  35 of 72,28%  48%,33 of 66  49 of 88,0 of 1  5 of 7,0%  71%,2  0,4  1,0  0,13 of 45  35 of 72,12 of 41  23 of 55,1 of 4  8 of 13,0 of 0  4 of 4,8 of 35  11 of 39,1 of 3  8 of 10,4 of 7  16 of 23
0,Fabricio Werdum Brandon Vera,0  0,15 of 36  15 of 22,41%  68%,23 of 50  20 of 27,2 of 4  0 of 0,50%  0%,0  0,3  0,0  0,15 of 36  15 of 22,10 of 29  6 of 12,2 of 3  5 of 5,3 of 4  4 of 5,2 of 11  3 of 8,5 of 7  10 of 12,8 of 18  2 of 2
0,Martin Kampmann Jorge Rivera,0  0,4 of 9  2 of 6,44%  33%,17 of 24  3 of 7,1 of 1  0 of 0,100%  0%,2  1,2  0,0  0,4 of 9  2 of 6,2 of 7  0 of 4,2 of 2  0 of 0,0 of 0  2 of 2,1 of 4  2 of 6,1 of 1  0 of 0,2 of 4  0 of 0
0,Matt Wiman Thiago Tavares,1  0,18 of 34  13 of 35,52%  37%,54 of 73  39 of 77,2 of 4  1 of 3,50%  33%,1  3,0  0,0  1,18 of 34  13 of 35,12 of 26  11 of 32,6 of 7  2 of 3,0 of 1  0 of 0,8 of 22  4 of 16,7 of 9  6 of 9,3 of 3  3 of 10
0,Kevin Burns  Roan Carneiro,0  0,8 of 13  12 of 30,61%  40%,55 of 61  36 of 57,0 of 0  2 of 6,0%  33%,1  0,0  4,0  0,8 of 13  12 of 30,7 of 11  10 of 28,0 of 1  1 of 1,1 of 1  1 of 1,4 of 9  2 of 7,1 of 1  0 of 0,3 of 3  10 of 23
0,Luiz Cane Jason Lambert,3  0,15 of 28  8 of 23,53%  34%,28 of 41  13 of 28,0 of 0  0 of 2,0%  0%,0  0,0  0,0  0,15 of 28  8 of 23,14 of 27  4 of 18,0 of 0  2 of 2,1 of 1  2 of 3,10 of 18  4 of 19,3 of 8  4 of 4,2 of 2  0 of 0
0,Paul Taylor Jess Liaudin,1  0,45 of 86  35 of 70,52%  50%,134 of 180  57 of 94,1 of 1  7 of 13,100%  53%,0  1,1  1,1  0,45 of 86  35 of 70,24 of 64  27 of 61,12 of 12  6 of 7,9 of 10  2 of 2,13 of 34  16 of 43,22 of 28  14 of 20,10 of 24  5 of 7
0,Antoni Hardonk  Eddie Sanchez,1  2,48 of 75  33 of 67,64%  49%,51 of 78  67 of 110,0 of 0  2 of 4,0%  50%,0  0,0  3,0  0,48 of 75  33 of 67,32 of 56  32 of 66,8 of 10  1 of 1,8 of 9  0 of 0,24 of 41  18 of 44,24 of 34  14 of 21,0 of 0  1 of 2
0,BJ Penn Sean Sherk,1  0,122 of 175  46 of 162,69%  28%,130 of 183  52 of 169,0 of 1  0 of 2,0%  0%,0  0,0  0,0  0,122 of 175  46 of 162,109 of 162  26 of 142,11 of 11  3 of 3,2 of 2  17 of 17,110 of 162  41 of 151,9 of 10  5 of 11,3 of 3  0 of 0
0,Wanderlei Silva Keith Jardine,2  0,11 of 18  1 of 4,61%  25%,11 of 18  1 of 4,0 of 0  0 of 0,0%  0%,0  0,0  0,0  0,11 of 18  1 of 4,11 of 18  0 of 3,0 of 0  0 of 0,0 of 0  1 of 1,5 of 10  1 of 4,0 of 0  0 of 0,6 of 8  0 of 0
0,Goran Reljic  Wilson Gouveia,1  1,33 of 63  33 of 73,52%  45%,39 of 74  38 of 78,0 of 0  0 of 0,0%  0%,0  0,0  0,0  0,33 of 63  33 of 73,27 of 53  22 of 59,5 of 9  4 of 4,1 of 1  7 of 10,22 of 44  17 of 43,0 of 0  9 of 11,11 of 19  7 of 19
0,Lyoto Machida Tito Ortiz,1  0,41 of 60  16 of 53,68%  30%,67 of 87  39 of 76,1 of 1  0 of 7,100%  0%,0  2,1  0,0  0,41 of 60  16 of 53,18 of 34  2 of 35,6 of 7  11 of 11,17 of 19  3 of 7,34 of 47  5 of 38,1 of 1  11 of 15,6 of 12  0 of 0
0,Thiago Silva Antonio Mendes,0  1,19 of 23  5 of 12,82%  41%,20 of 24  8 of 15,0 of 0  1 of 2,0%  50%,1  0,2  0,0  0,19 of 23  5 of 12,14 of 18  1 of 8,5 of 5  4 of 4,0 of 0  0 of 0,1 of 2  2 of 6,3 of 3  3 of 5,15 of 18  0 of 1
0,Rousimar Palhares Ivan Salaverry,0  0,0 of 0  1 of 1,0%  100%,2 of 2  1 of 1,1 of 1  0 of 0,100%  0%,3  0,3  0,0  0,0 of 0  1 of 1,0 of 0  0 of 0,0 of 0  1 of 1,0 of 0  0 of 0,0 of 0  1 of 1,0 of 0  0 of 0,0 of 0  0 of 0
0,Rameau Thierry Sokoudjou  Kazuhiro Nakamura,1  0,26 of 46  6 of 23,56%  26%,29 of 49  6 of 23,0 of 0  0 of 0,0%  0%,0  0,0  0,0  0,26 of 46  6 of 23,7 of 27  1 of 18,6 of 6  5 of 5,13 of 13  0 of 0,20 of 40  6 of 23,4 of 4  0 of 0,2 of 2  0 of 0
0,Rich Clementi  Terry Etim,0  1,20 of 47  23 of 61,42%  37%,171 of 244  30 of 72,4 of 8  0 of 0,50%  0%,0  1,5  0,0  0,20 of 47  23 of 61,14 of 40  13 of 46,2 of 2  3 of 6,4 of 5  7 of 9,10 of 33  18 of 50,3 of 3  4 of 7,7 of 11  1 of 4
0,Yoshiyuki Yoshida  Jon Koppenhaver,0  0,1 of 3  1 of 2,33%  50%,1 of 3  2 of 3,1 of 1  0 of 0,100%  0%,1  0,1  0,0  0,1 of 3  1 of 2,1 of 3  0 of 1,0 of 0  0 of 0,0 of 0  1 of 1,1 of 3  1 of 2,0 of 0  0 of 0,0 of 0  0 of 0
0,Dong Hyun Kim Jason Tan,0  0,77 of 92  2 of 14,83%  14%,159 of 175  20 of 32,3 of 3  0 of 6,100%  0%,0  0,10  0,0  0,77 of 92  2 of 14,74 of 89  1 of 13,3 of 3  0 of 0,0 of 0  1 of 1,3 of 9  2 of 13,21 of 21  0 of 1,53 of 62  0 of 0
0,Shane Carwin Christian Wellisch,1  0,5 of 14  2 of 11,35%  18%,5 of 14  2 of 11,0 of 0  0 of 0,0%  0%,0  0,0  0,0  0,5 of 14  2 of 11,5 of 14  2 of 11,0 of 0  0 of 0,0 of 0  0 of 0,3 of 12  2 of 11,0 of 0  0 of 0,2 of 2  0 of 0
0,Georges St-Pierre Matt Serra,0  0,42 of 54  3 of 18,77%  16%,129 of 143  10 of 25,4 of 5  0 of 0,80%  0%,0  0,11  0,0  0,42 of 54  3 of 18,23 of 35  1 of 16,19 of 19  1 of 1,0 of 0  1 of 1,10 of 12  2 of 15,2 of 2  1 of 3,30 of 40  0 of 0
0,Rich Franklin Travis Lutter,1  0,28 of 43  1 of 9,65%  11%,56 of 75  9 of 18,0 of 0  1 of 9,0%  11%,0  1,0  3,0  0,28 of 43  1 of 9,18 of 32  1 of 9,9 of 10  0 of 0,1 of 1  0 of 0,14 of 25  0 of 7,10 of 11  0 of 0,4 of 7  1 of 2
0,Nate Quarry  Kalib Starnes,0  0,84 of 164  12 of 53,51%  22%,84 of 164  12 of 53,0 of 0  1 of 3,0%  33%,0  0,0  0,0  0,84 of 164  12 of 53,31 of 106  7 of 45,16 of 18  4 of 6,37 of 40  1 of 2,69 of 139  8 of 48,15 of 25  4 of 4,0 of 0  0 of 1
0,Michael Bisping Charles McCarthy,1  0,39 of 90  1 of 12,43%  8%,49 of 103  2 of 13,0 of 0  1 of 1,0%  100%,0  1,0  1,0  0,39 of 90  1 of 12,19 of 65  0 of 11,20 of 25  0 of 0,0 of 0  1 of 1,12 of 44  1 of 12,25 of 43  0 of 0,2 of 3  0 of 0
0,Mac Danzig Mark Bocek,1  0,46 of 88  22 of 77,52%  28%,148 of 190  27 of 82,1 of 1  3 of 9,100%  33%,2  0,5  1,0  0,46 of 88  22 of 77,42 of 83  15 of 69,1 of 2  7 of 8,3 of 3  0 of 0,21 of 49  8 of 49,3 of 3  4 of 4,22 of 36  10 of 24
0,Jason MacDonald Joe Doerksen,0  0,13 of 17  4 of 6,76%  66%,25 of 29  11 of 13,1 of 2  1 of 1,50%  100%,2  3,1  2,1  0,13 of 17  4 of 6,9 of 13  1 of 3,3 of 3  1 of 1,1 of 1  2 of 2,0 of 4  2 of 4,1 of 1  0 of 0,12 of 12  2 of 2
0,Jason Day  Alan Belcher,0  0,29 of 43  3 of 8,67%  37%,67 of 82  6 of 11,0 of 0  1 of 1,0%  100%,0  0,0  1,0  0,29 of 43  3 of 8,24 of 38  1 of 5,4 of 4  2 of 3,1 of 1  0 of 0,12 of 21  2 of 5,17 of 22  0 of 0,0 of 0  1 of 3
0,Demian Maia Ed Herman,0  0,15 of 21  15 of 32,71%  46%,35 of 46  44 of 62,1 of 8  1 of 1,12%  100%,3  0,3  0,2  1,15 of 21  15 of 32,12 of 17  11 of 27,2 of 3  3 of 3,1 of 1  1 of 2,3 of 3  0 of 2,0 of 1  4 of 4,12 of 17  11 of 26
0,Rich Clementi  Sam Stout,0  0,40 of 102  48 of 176,39%  27%,69 of 132  53 of 181,3 of 9  0 of 1,33%  0%,3  0,6  0,0  0,40 of 102  48 of 176,29 of 91  24 of 146,2 of 2  9 of 13,9 of 9  15 of 17,34 of 95  46 of 173,3 of 3  2 of 3,3 of 4  0 of 0
0,Cain Velasquez Brad Morris,3  0,36 of 55  1 of 4,65%  25%,62 of 83  1 of 4,0 of 0  0 of 1,0%  0%,0  0,3  0,0  0,36 of 55  1 of 4,33 of 52  1 of 4,3 of 3  0 of 0,0 of 0  0 of 0,5 of 10  1 of 4,5 of 5  0 of 0,26 of 40  0 of 0
0,Jonathan Goulet  Kuniyoshi Hironaka,2  1,31 of 78  21 of 50,39%  42%,34 of 81  23 of 52,0 of 0  1 of 5,0%  20%,0  0,0  2,0  0,31 of 78  21 of 50,18 of 64  19 of 48,5 of 5  0 of 0,8 of 9  2 of 2,22 of 58  9 of 26,9 of 20  0 of 0,0 of 0  12 of 24
0,Kenny Florian Joe Lauzon,0  0,35 of 74  5 of 12,47%  41%,115 of 165  9 of 16,2 of 4  2 of 3,50%  66%,0  2,3  1,0  0,35 of 74  5 of 12,26 of 65  5 of 11,7 of 7  0 of 0,2 of 2  0 of 1,6 of 12  3 of 8,0 of 0  0 of 0,29 of 62  2 of 4
0,Gray Maynard Frankie Edgar,0  0,19 of 65  26 of 75,29%  34%,27 of 74  31 of 80,9 of 10  1 of 5,90%  20%,0  0,3  1,0  0,19 of 65  26 of 75,15 of 58  20 of 69,4 of 7  3 of 3,0 of 0  3 of 3,12 of 54  18 of 63,4 of 6  8 of 12,3 of 5  0 of 0
0,Thiago Alves Karo Parisyan,1  0,17 of 48  10 of 45,35%  22%,17 of 48  21 of 56,0 of 0  1 of 4,0%  25%,0  0,0  1,0  0,17 of 48  10 of 45,12 of 43  7 of 42,2 of 2  2 of 2,3 of 3  1 of 1,12 of 43  7 of 37,2 of 2  1 of 4,3 of 3  2 of 4
0,Matt Hamill Tim Boetsch,0  0,31 of 71  18 of 58,43%  31%,53 of 96  23 of 63,1 of 1  0 of 1,100%  0%,0  0,1  0,0  0,31 of 71  18 of 58,30 of 70  9 of 48,0 of 0  5 of 6,1 of 1  4 of 4,18 of 47  11 of 41,0 of 5  7 of 16,13 of 19  0 of 1
0,Nate Diaz Kurt Pellegrino,0  0,6 of 17  20 of 34,35%  58%,28 of 41  35 of 50,1 of 1  3 of 3,100%  100%,1  0,0  5,0  1,6 of 17  20 of 34,0 of 10  19 of 33,2 of 2  1 of 1,4 of 5  0 of 0,0 of 10  0 of 4,5 of 6  0 of 1,1 of 1  20 of 29
0,James Irvin  Houston Alexander,1  0,3 of 4  0 of 1,75%  0%,3 of 4  0 of 1,0 of 0  0 of 0,0%  0%,0  0,0  0,0  0,3 of 4  0 of 1,3 of 4  0 of 1,0 of 0  0 of 0,0 of 0  0 of 0,1 of 1  0 of 1,0 of 0  0 of 0,2 of 3  0 of 0
0,Josh Neer Din Thomas,0  0,80 of 164  20 of 84,48%  23%,124 of 210  42 of 111,3 of 4  2 of 5,75%  40%,0  0,0  1,0  0,80 of 164  20 of 84,60 of 139  17 of 81,6 of 8  2 of 2,14 of 17  1 of 1,26 of 76  13 of 73,12 of 24  7 of 11,42 of 64  0 of 0
0,Marcus Aurelio  Ryan Roberts,1  0,6 of 11  0 of 1,54%  0%,6 of 11  0 of 1,0 of 0  0 of 0,0%  0%,1  0,0  0,0  0,6 of 11  0 of 1,6 of 11  0 of 1,0 of 0  0 of 0,0 of 0  0 of 0,1 of 5  0 of 1,0 of 0  0 of 0,5 of 6  0 of 0
0,Manvel Gamburyan Jeff Cox,0  0,3 of 4  2 of 4,75%  50%,5 of 6  3 of 5,1 of 5  0 of 1,20%  0%,1  0,0  0,0  0,3 of 4  2 of 4,0 of 1  0 of 2,3 of 3  0 of 0,0 of 0  2 of 2,1 of 2  0 of 2,2 of 2  2 of 2,0 of 0  0 of 0
0,Clay Guida Samy Schiavo,0  0,11 of 26  4 of 22,42%  18%,24 of 39  4 of 22,1 of 1  0 of 0,100%  0%,0  0,2  0,0  0,11 of 26  4 of 22,10 of 24  4 of 21,1 of 2  0 of 1,0 of 0  0 of 0,2 of 11  4 of 22,0 of 0  0 of 0,9 of 15  0 of 0
0,George Sotiropoulos Roman Mitichyan,0  0,21 of 35  2 of 12,60%  16%,77 of 96  7 of 17,3 of 4  0 of 0,75%  0%,3  0,5  0,1  1,21 of 35  2 of 12,20 of 33  0 of 8,1 of 2  0 of 1,0 of 0  2 of 3,3 of 12  2 of 10,1 of 2  0 of 1,17 of 21  0 of 1
0,Anthony Johnson Tommy Speer,1  0,15 of 25  0 of 7,60%  0%,15 of 25  0 of 7,0 of 0  0 of 2,0%  0%,0  0,0  0,0  0,15 of 25  0 of 7,14 of 24  0 of 7,0 of 0  0 of 0,1 of 1  0 of 0,9 of 19  0 of 7,4 of 4  0 of 0,2 of 2  0 of 0
0,Anderson Silva Dan Henderson,0  0,47 of 59  20 of 40,79%  50%,74 of 88  52 of 75,0 of 0  1 of 3,0%  33%,1  0,2  2,0  0,47 of 59  20 of 40,28 of 40  11 of 30,16 of 16  1 of 1,3 of 3  8 of 9,14 of 22  6 of 17,5 of 6  7 of 11,28 of 31  7 of 12
0,Heath Herring Cheick Kongo,1  0,57 of 80  45 of 60,71%  75%,100 of 125  93 of 110,3 of 4  5 of 5,75%  100%,0  0,3  5,2  1,57 of 80  45 of 60,9 of 22  17 of 30,46 of 56  16 of 17,2 of 2  12 of 13,3 of 12  4 of 7,2 of 4  11 of 11,52 of 64  30 of 42
0,Chris Leben Alessio Sakara,1  0,24 of 50  13 of 33,48%  39%,25 of 52  15 of 36,0 of 1  0 of 0,0%  0%,0  0,0  0,0  0,24 of 50  13 of 33,15 of 35  12 of 31,4 of 6  1 of 2,5 of 9  0 of 0,13 of 33  6 of 14,7 of 12  7 of 19,4 of 5  0 of 0
0,Yushin Okami Evan Tanner,2  0,26 of 58  19 of 44,44%  43%,31 of 63  25 of 50,0 of 0  1 of 3,0%  33%,0  0,0  0,0  0,26 of 58  19 of 44,14 of 45  6 of 26,8 of 9  2 of 6,4 of 4  11 of 12,15 of 47  12 of 36,11 of 11  7 of 8,0 of 0  0 of 0
0,Jon Fitch Chris Wilson,0  0,40 of 76  22 of 52,52%  42%,131 of 169  32 of 62,4 of 9  0 of 0,44%  0%,0  1,4  0,0  0,40 of 76  22 of 52,19 of 46  10 of 34,8 of 9  9 of 14,13 of 21  3 of 4,21 of 50  16 of 44,1 of 4  6 of 8,18 of 22  0 of 0
0,Andrei Arlovski Jake O'Brien,0  0,14 of 35  4 of 12,40%  33%,55 of 86  37 of 52,1 of 1  2 of 14,100%  14%,0  0,1  0,0  0,14 of 35  4 of 12,8 of 27  3 of 11,1 of 3  1 of 1,5 of 5  0 of 0,7 of 21  1 of 8,0 of 1  1 of 2,7 of 13  2 of 2
0,Luigi Fioravanti  Luke Cummo,0  0,32 of 75  16 of 39,42%  41%,129 of 197  82 of 109,13 of 16  0 of 1,81%  0%,0  0,6  0,0  0,32 of 75  16 of 39,26 of 66  9 of 29,2 of 4  7 of 9,4 of 5  0 of 1,2 of 10  6 of 22,4 of 7  7 of 12,26 of 58  3 of 5
0,Josh Koscheck Dustin Hazelett,1  0,24 of 59  20 of 59,40%  33%,25 of 60  24 of 63,1 of 1  0 of 0,100%  0%,0  2,0  0,0  0,24 of 59  20 of 59,14 of 47  12 of 50,5 of 7  5 of 6,5 of 5  3 of 3,20 of 50  16 of 54,2 of 5  3 of 4,2 of 4  1 of 1
0,Diego Sanchez David Bielkheden,0  0,24 of 50  1 of 1,48%  100%,49 of 75  11 of 11,1 of 1  0 of 0,100%  0%,0  0,3  0,0  0,24 of 50  1 of 1,21 of 47  0 of 0,3 of 3  1 of 1,0 of 0  0 of 0,0 of 1  0 of 0,0 of 0  1 of 1,24 of 49  0 of 0
0,Jorge Gurgel  John Halverson,0  0,68 of 137  44 of 102,49%  43%,118 of 192  118 of 180,1 of 5  0 of 0,20%  0%,0  2,1  0,0  0,68 of 137  44 of 102,43 of 111  29 of 86,2 of 2  11 of 11,23 of 24  4 of 5,26 of 63  28 of 77,9 of 11  13 of 17,33 of 63  3 of 8
0,Minotauro Nogueira Tim Sylvia,0  1,28 of 70  53 of 131,40%  40%,40 of 85  87 of 167,2 of 11  0 of 0,18%  0%,1  0,1  2,1  0,28 of 70  53 of 131,22 of 63  51 of 129,2 of 3  2 of 2,4 of 4  0 of 0,27 of 68  42 of 112,1 of 2  2 of 5,0 of 0  9 of 14
0,Frank Mir Brock Lesnar,0  0,2 of 3  16 of 24,66%  66%,2 of 3  32 of 40,0 of 0  1 of 1,0%  100%,3  0,0  2,0  0,2 of 3  16 of 24,0 of 1  16 of 24,0 of 0  0 of 0,2 of 2  0 of 0,2 of 3  1 of 1,0 of 0  0 of 0,0 of 0  15 of 23
0,Nate Marquardt Jeremy Horn,1  0,22 of 30  5 of 11,73%  45%,28 of 37  12 of 19,2 of 2  1 of 3,100%  33%,1  1,1  1,0  1,22 of 30  5 of 11,16 of 24  4 of 9,3 of 3  1 of 1,3 of 3  0 of 1,3 of 4  1 of 4,9 of 9  1 of 2,10 of 17  3 of 5
0,Ricardo Almeida  Rob Yundt,0  0,4 of 6  2 of 11,66%  18%,4 of 6  10 of 19,1 of 1  0 of 0,100%  0%,1  0,0  0,0  0,4 of 6  2 of 11,2 of 4  2 of 11,2 of 2  0 of 0,0 of 0  0 of 0,3 of 5  1 of 10,0 of 0  0 of 0,1 of 1  1 of 1
0,Tyson Griffin  Gleison Tibau,0  0,60 of 119  23 of 93,50%  24%,82 of 142  47 of 117,0 of 2  6 of 8,0%  75%,0  0,0  3,0  0,60 of 119  23 of 93,26 of 78  19 of 88,21 of 24  4 of 5,13 of 17  0 of 0,51 of 110  14 of 84,9 of 9  3 of 3,0 of 0  6 of 6
0,Chris Lytle  Kyle Bradley,1  0,12 of 17  0 of 3,70%  0%,18 of 23  1 of 4,0 of 0  0 of 1,0%  0%,0  0,0  0,0  0,12 of 17  0 of 3,11 of 16  0 of 3,0 of 0  0 of 0,1 of 1  0 of 0,6 of 10  0 of 3,3 of 3  0 of 0,3 of 4  0 of 0
0,Tim Boetsch David Heath,0  0,42 of 60  7 of 31,70%  22%,46 of 64  7 of 31,1 of 2  0 of 0,50%  0%,0  0,0  0,0  0,42 of 60  7 of 31,25 of 41  5 of 29,14 of 14  0 of 0,3 of 5  2 of 2,20 of 34  7 of 31,18 of 22  0 of 0,4 of 4  0 of 0
0,Marvin Eastman  Terry Martin,0  0,40 of 89  50 of 85,44%  58%,72 of 121  74 of 109,1 of 3  1 of 8,33%  12%,0  0,1  0,0  0,40 of 89  50 of 85,16 of 64  11 of 43,15 of 16  26 of 29,9 of 9  13 of 13,5 of 45  7 of 40,35 of 44  43 of 45,0 of 0  0 of 0
0,Rob Emerson  Keita Nakamura,0  1,81 of 212  57 of 191,38%  29%,89 of 220  66 of 203,0 of 0  4 of 4,0%  100%,0  0,0  0,0  0,81 of 212  57 of 191,44 of 174  53 of 186,9 of 10  4 of 5,28 of 28  0 of 0,75 of 205  47 of 176,4 of 5  10 of 13,2 of 2  0 of 2
0,Mike Swick Joshua Burkman,0  0,54 of 101  39 of 83,53%  46%,58 of 105  49 of 95,0 of 0  1 of 10,0%  10%,0  0,0  0,0  0,54 of 101  39 of 83,11 of 54  9 of 46,18 of 20  3 of 8,25 of 27  27 of 29,20 of 59  13 of 52,34 of 42  26 of 31,0 of 0  0 of 0
0,Patrick Cote Drew McFedries,1  0,14 of 31  8 of 15,45%  53%,14 of 31  8 of 15,0 of 0  0 of 0,0%  0%,0  0,0  0,0  0,14 of 31  8 of 15,13 of 27  2 of 9,1 of 3  1 of 1,0 of 1  5 of 5,5 of 22  7 of 14,3 of 3  1 of 1,6 of 6  0 of 0
0,Thiago Tavares Michihiro Omigawa,0  0,19 of 43  11 of 32,44%  34%,68 of 95  90 of 112,7 of 14  1 of 1,50%  100%,0  2,1  1,1  2,19 of 43  11 of 32,14 of 33  6 of 27,3 of 7  0 of 0,2 of 3  5 of 5,11 of 25  1 of 12,4 of 11  1 of 6,4 of 7  9 of 14
0,Nate Diaz Alvin Robinson,0  0,3 of 8  2 of 5,37%  40%,25 of 30  5 of 8,2 of 2  0 of 0,100%  0%,2  2,3  0,0  1,3 of 8  2 of 5,3 of 8  2 of 5,0 of 0  0 of 0,0 of 0  0 of 0,1 of 2  0 of 1,0 of 0  0 of 0,2 of 6  2 of 4
0,Kurt Pellegrino  Alberto Crane,0  1,23 of 51  4 of 26,45%  15%,37 of 66  12 of 36,1 of 2  0 of 4,50%  0%,0  2,1  0,0  0,23 of 51  4 of 26,19 of 45  3 of 24,1 of 3  1 of 2,3 of 3  0 of 0,16 of 40  4 of 26,1 of 2  0 of 0,6 of 9  0 of 0
0,Gray Maynard Dennis Siver,1  0,26 of 66  16 of 40,39%  40%,79 of 129  155 of 198,2 of 2  1 of 2,100%  50%,3  0,11  2,2  1,26 of 66  16 of 40,23 of 62  11 of 33,3 of 4  2 of 3,0 of 0  3 of 4,4 of 16  14 of 32,2 of 4  1 of 3,20 of 46  1 of 5
0,Jeremy Stephens Cole Miller,1  0,30 of 54  5 of 29,55%  17%,64 of 91  13 of 38,1 of 1  0 of 1,100%  0%,0  3,1  2,1  3,30 of 54  5 of 29,24 of 46  4 of 28,5 of 7  0 of 0,1 of 1  1 of 1,6 of 18  0 of 19,0 of 0  2 of 4,24 of 36  3 of 6
0,Corey Hill  Joe Veres,0  0,29 of 40  0 of 10,72%  0%,66 of 78  0 of 10,0 of 0  0 of 10,0%  0%,0  0,2  0,0  0,29 of 40  0 of 10,19 of 30  0 of 9,10 of 10  0 of 0,0 of 0  0 of 1,5 of 12  0 of 10,4 of 5  0 of 0,20 of 23  0 of 0
0,Matt Wiman Justin Buchholz,0  0,6 of 9  3 of 10,66%  30%,24 of 30  3 of 10,1 of 1  0 of 0,100%  0%,3  0,4  0,0  0,6 of 9  3 of 10,5 of 8  3 of 10,0 of 0  0 of 0,1 of 1  0 of 0,1 of 2  3 of 6,0 of 0  0 of 4,5 of 7  0 of 0
0,BJ Penn Joe Stevenson,2  0,41 of 69  17 of 36,59%  47%,71 of 105  33 of 57,0 of 0  0 of 0,0%  0%,1  0,5  0,0  0,41 of 69  17 of 36,38 of 66  11 of 29,3 of 3  6 of 7,0 of 0  0 of 0,22 of 38  7 of 24,1 of 2  2 of 2,18 of 29  8 of 10
0,Fabricio Werdum Gabriel Gonzaga,0  0,46 of 89  19 of 33,51%  57%,64 of 109  26 of 40,0 of 1  3 of 4,0%  75%,0  0,1  1,0  0,46 of 89  19 of 33,43 of 84  5 of 16,1 of 1  4 of 5,2 of 4  10 of 12,14 of 38  14 of 26,10 of 15  2 of 2,22 of 36  3 of 5
0,Marcus Davis  Jess Liaudin,1  0,5 of 5  4 of 8,100%  50%,5 of 5  4 of 8,0 of 0  0 of 0,0%  0%,0  0,0  0,0  0,5 of 5  4 of 8,4 of 4  0 of 2,1 of 1  0 of 1,0 of 0  4 of 5,3 of 3  4 of 8,0 of 0  0 of 0,2 of 2  0 of 0
0,Wilson Gouveia  Jason Lambert,1  0,5 of 14  27 of 56,35%  48%,9 of 18  47 of 82,0 of 1  1 of 1,0%  100%,4  0,0  2,0  0,5 of 14  27 of 56,5 of 14  16 of 44,0 of 0  10 of 11,0 of 0  1 of 1,4 of 12  3 of 8,0 of 0  2 of 3,1 of 2  22 of 45
0,Jorge Rivera  Kendall Grove,1  0,28 of 38  0 of 1,73%  0%,31 of 42  0 of 1,1 of 1  0 of 0,100%  0%,0  0,1  0,0  0,28 of 38  0 of 1,27 of 37  0 of 1,0 of 0  0 of 0,1 of 1  0 of 0,9 of 12  0 of 1,0 of 0  0 of 0,19 of 26  0 of 0
0,Antoni Hardonk  Colin Robinson,1  0,5 of 7  0 of 2,71%  0%,5 of 7  1 of 3,0 of 0  0 of 0,0%  0%,0  0,0  0,0  0,5 of 7  0 of 2,2 of 3  0 of 2,1 of 2  0 of 0,2 of 2  0 of 0,4 of 5  0 of 2,1 of 2  0 of 0,0 of 0  0 of 0
0,Paul Kelly  Paul Taylor,0  0,70 of 139  43 of 81,50%  53%,154 of 234  149 of 202,3 of 3  1 of 1,100%  100%,0  3,4  1,1  0,70 of 139  43 of 81,57 of 125  29 of 67,13 of 14  7 of 7,0 of 0  7 of 7,13 of 36  13 of 40,11 of 15  17 of 20,46 of 88  13 of 21
0,Alessio Sakara James Lee,0  0,8 of 10  0 of 1,80%  0%,10 of 12  0 of 1,0 of 0  2 of 4,0%  50%,0  0,0  0,0  0,8 of 10  0 of 1,8 of 10  0 of 1,0 of 0  0 of 0,0 of 0  0 of 0,0 of 2  0 of 1,0 of 0  0 of 0,8 of 8  0 of 0
0,Sam Stout Per Eklund,0  0,33 of 127  20 of 43,25%  46%,83 of 180  39 of 64,0 of 0  2 of 30,0%  6%,0  1,0  0,0  0,33 of 127  20 of 43,10 of 98  5 of 26,7 of 9  11 of 12,16 of 20  4 of 5,7 of 89  14 of 33,9 of 11  6 of 10,17 of 27  0 of 0
0,Georges St-Pierre Matt Hughes,0  0,28 of 40  5 of 13,70%  38%,97 of 117  10 of 19,3 of 3  0 of 3,100%  0%,3  0,11  0,0  0,28 of 40  5 of 13,18 of 27  3 of 11,8 of 9  2 of 2,2 of 4  0 of 0,4 of 12  0 of 6,2 of 3  2 of 2,22 of 25  3 of 5
0,Chuck Liddell  Wanderlei Silva,0  1,58 of 175  44 of 177,33%  24%,59 of 179  45 of 178,2 of 2  0 of 0,100%  0%,0  0,0  0,0  0,58 of 175  44 of 177,51 of 163  31 of 161,3 of 4  6 of 6,4 of 8  7 of 10,52 of 165  40 of 171,6 of 10  4 of 5,0 of 0  0 of 1
0,Eddie Sanchez  Soa Palelei,0  0,52 of 115  21 of 37,45%  56%,145 of 212  27 of 43,1 of 5  1 of 1,20%  100%,0  0,0  0,0  0,52 of 115  21 of 37,39 of 98  6 of 18,9 of 10  8 of 12,4 of 7  7 of 7,28 of 79  5 of 15,24 of 35  16 of 20,0 of 1  0 of 2
0,Lyoto Machida Rameau Thierry Sokoudjou,1  0,21 of 48  6 of 24,43%  25%,40 of 68  19 of 38,0 of 0  2 of 4,0%  50%,5  2,5  0,1  0,21 of 48  6 of 24,12 of 36  4 of 20,3 of 5  0 of 1,6 of 7  2 of 3,10 of 17  4 of 20,0 of 1  1 of 2,11 of 30  1 of 2
0,Rich Clementi  Melvin Guillard,0  0,6 of 9  5 of 18,66%  27%,10 of 13  5 of 18,2 of 2  1 of 1,100%  100%,2  0,3  0,1  0,6 of 9  5 of 18,1 of 4  5 of 18,1 of 1  0 of 0,4 of 4  0 of 0,6 of 8  5 of 17,0 of 1  0 of 1,0 of 0  0 of 0
0,James Irvin  Luiz Cane,0  0,5 of 19  9 of 20,26%  45%,5 of 19  10 of 21,0 of 1  1 of 1,0%  100%,0  0,0  0,0  0,5 of 19  9 of 20,2 of 15  6 of 17,1 of 1  2 of 2,2 of 3  1 of 1,5 of 19  8 of 19,0 of 0  0 of 0,0 of 0  1 of 1
0,Manvel Gamburyan Nate Mohr,0  0,3 of 6  2 of 3,50%  66%,8 of 12  7 of 8,1 of 3  0 of 0,33%  0%,1  0,0  0,0  0,3 of 6  2 of 3,2 of 5  2 of 3,0 of 0  0 of 0,1 of 1  0 of 0,2 of 4  1 of 2,0 of 0  0 of 0,1 of 2  1 of 1
0,Dean Lister  Jordan Radev,0  0,31 of 99  20 of 89,31%  22%,38 of 109  49 of 118,2 of 10  0 of 0,20%  0%,0  0,2  0,0  0,31 of 99  20 of 89,17 of 71  12 of 74,9 of 20  2 of 2,5 of 8  6 of 13,24 of 85  16 of 75,1 of 6  3 of 9,6 of 8  1 of 5
0,Roan Carneiro Tony DeSouza,0  0,24 of 27  9 of 15,88%  60%,73 of 77  37 of 44,3 of 3  0 of 0,100%  0%,2  1,2  1,0  1,24 of 27  9 of 15,19 of 22  6 of 12,0 of 0  3 of 3,5 of 5  0 of 0,6 of 8  0 of 5,4 of 5  5 of 5,14 of 14  4 of 5
0,Mark Bocek Doug Evans,0  0,26 of 58  22 of 66,44%  33%,87 of 129  52 of 97,7 of 17  1 of 1,41%  100%,0  1,7  0,0  1,26 of 58  22 of 66,16 of 48  14 of 58,5 of 5  7 of 7,5 of 5  1 of 1,3 of 23  14 of 52,12 of 14  8 of 14,11 of 21  0 of 0
0,Roger Huerta  Clay Guida,0  1,31 of 102  47 of 85,30%  55%,53 of 140  100 of 150,0 of 0  6 of 11,0%  54%,3  1,1  7,2  0,31 of 102  47 of 85,28 of 96  32 of 67,3 of 6  14 of 17,0 of 0  1 of 1,29 of 99  30 of 57,0 of 0  0 of 0,2 of 3  17 of 28
0,Mac Danzig Tommy Speer,0  0,10 of 14  4 of 7,71%  57%,36 of 41  5 of 8,1 of 2  0 of 0,50%  0%,1  0,2  0,0  0,10 of 14  4 of 7,5 of 8  0 of 2,5 of 6  2 of 3,0 of 0  2 of 2,0 of 0  0 of 2,5 of 6  4 of 5,5 of 8  0 of 0
0,Jon Koppenhaver  Jared Rollins,0  1,29 of 48  40 of 70,60%  57%,127 of 156  78 of 111,1 of 2  2 of 4,50%  50%,0  1,1  3,1  0,29 of 48  40 of 70,27 of 46  40 of 70,2 of 2  0 of 0,0 of 0  0 of 0,3 of 9  3 of 11,0 of 0  5 of 6,26 of 39  32 of 53
0,George Sotiropoulos Billy Miles,0  0,2 of 3  0 of 3,66%  0%,24 of 28  0 of 3,0 of 0  0 of 2,0%  0%,1  0,1  0,0  0,2 of 3  0 of 3,2 of 3  0 of 3,0 of 0  0 of 0,0 of 0  0 of 0,0 of 1  0 of 3,0 of 0  0 of 0,2 of 2  0 of 0
0,Ben Saunders Dan Barrera,0  0,18 of 25  12 of 17,72%  70%,143 of 153  59 of 64,0 of 0  1 of 12,0%  8%,4  0,2  0,0  1,18 of 25  12 of 17,10 of 17  6 of 11,7 of 7  0 of 0,1 of 1  6 of 6,5 of 11  0 of 1,4 of 5  6 of 6,9 of 9  6 of 10
0,Troy Mandaloniz  Richie Hightower,1  0,30 of 38  20 of 56,78%  35%,36 of 44  30 of 67,0 of 2  1 of 1,0%  100%,0  0,0  1,0  0,30 of 38  20 of 56,16 of 24  14 of 48,1 of 1  4 of 6,13 of 13  2 of 2,15 of 22  14 of 45,12 of 13  6 of 10,3 of 3  0 of 1
0,Matt Arroyo  John Kolosci,0  0,4 of 8  1 of 5,50%  20%,19 of 23  12 of 23,0 of 0  0 of 2,0%  0%,5  0,0  0,0  0,4 of 8  1 of 5,4 of 8  1 of 5,0 of 0  0 of 0,0 of 0  0 of 0,0 of 4  0 of 3,0 of 0  0 of 0,4 of 4  1 of 2
0,Roman Mitichyan  Dorian Price,0  0,0 of 0  0 of 2,0%  0%,0 of 0  0 of 2,1 of 1  0 of 0,100%  0%,1  0,0  0,0  0,0 of 0  0 of 2,0 of 0  0 of 1,0 of 0  0 of 1,0 of 0  0 of 0,0 of 0  0 of 1,0 of 0  0 of 1,0 of 0  0 of 0
0,Jonathan Goulet  Paul Georgieff,0  0,11 of 17  12 of 30,64%  40%,33 of 44  18 of 36,3 of 3  0 of 2,100%  0%,1  0,5  0,0  0,11 of 17  12 of 30,10 of 16  9 of 27,1 of 1  1 of 1,0 of 0  2 of 2,4 of 9  8 of 24,0 of 0  1 of 2,7 of 8  3 of 4
0,Rashad Evans Michael Bisping,0  0,23 of 87  40 of 96,26%  41%,38 of 108  52 of 112,6 of 16  2 of 2,37%  100%,0  0,4  0,0  0,23 of 87  40 of 96,22 of 86  23 of 78,1 of 1  11 of 11,0 of 0  6 of 7,18 of 71  25 of 78,1 of 4  15 of 18,4 of 12  0 of 0
0,Thiago Silva Houston Alexander,0  0,22 of 35  2 of 8,62%  25%,33 of 46  2 of 8,1 of 1  1 of 1,100%  100%,0  0,2  0,0  0,22 of 35  2 of 8,16 of 29  0 of 5,5 of 5  1 of 2,1 of 1  1 of 1,4 of 5  0 of 6,3 of 3  2 of 2,15 of 27  0 of 0
0,Karo Parisyan  Ryo Chonan,0  0,49 of 110  35 of 87,44%  40%,117 of 186  57 of 110,7 of 9  0 of 0,77%  0%,0  0,4  0,0  1,49 of 110  35 of 87,45 of 105  15 of 61,1 of 1  13 of 16,3 of 4  7 of 10,19 of 54  18 of 61,5 of 9  17 of 24,25 of 47  0 of 2
0,Ed Herman Joe Doerksen,1  0,43 of 74  9 of 19,58%  47%,89 of 122  16 of 26,2 of 3  1 of 5,66%  20%,0  3,4  1,1  0,43 of 74  9 of 19,31 of 61  5 of 15,12 of 13  3 of 3,0 of 0  1 of 1,6 of 21  7 of 15,9 of 13  2 of 4,28 of 40  0 of 0
0,Frankie Edgar Spencer Fisher,0  0,42 of 79  6 of 21,53%  28%,162 of 212  31 of 47,8 of 12  0 of 0,66%  0%,0  0,10  0,0  0,42 of 79  6 of 21,39 of 76  3 of 17,3 of 3  2 of 3,0 of 0  1 of 1,3 of 8  3 of 16,2 of 2  2 of 4,37 of 69  1 of 1
0,Thiago Alves Chris Lytle,1  0,39 of 90  42 of 128,43%  32%,48 of 99  88 of 176,0 of 0  1 of 1,0%  100%,0  0,0  0,0  0,39 of 90  42 of 128,14 of 59  23 of 102,7 of 9  14 of 19,18 of 22  5 of 7,28 of 69  29 of 109,9 of 18  12 of 18,2 of 3  1 of 1
0,Joe Lauzon Jason Reinhardt,0  0,5 of 7  1 of 3,71%  33%,8 of 10  1 of 3,1 of 2  0 of 0,50%  0%,1  0,3  0,0  0,5 of 7  1 of 3,3 of 5  1 of 3,2 of 2  0 of 0,0 of 0  0 of 0,1 of 3  0 of 2,2 of 2  1 of 1,2 of 2  0 of 0
0,Marcus Aurelio  Luke Caudillo,0  0,20 of 27  6 of 13,74%  46%,71 of 81  11 of 18,1 of 4  0 of 1,25%  0%,0  0,1  0,0  0,20 of 27  6 of 13,15 of 21  3 of 9,5 of 6  3 of 3,0 of 0  0 of 1,4 of 9  2 of 8,4 of 5  4 of 5,12 of 13  0 of 0
0,Akihiro Gono  Tamdan McCrory,1  0,27 of 44  31 of 62,61%  50%,39 of 56  32 of 63,1 of 1  0 of 0,100%  0%,1  0,3  0,0  0,27 of 44  31 of 62,4 of 13  14 of 41,9 of 13  10 of 13,14 of 18  7 of 8,20 of 33  17 of 33,3 of 5  14 of 29,4 of 6  0 of 0
0,Anderson Silva Rich Franklin,3  0,39 of 47  22 of 56,82%  39%,40 of 49  23 of 58,0 of 1  1 of 2,0%  50%,0  0,0  0,0  0,39 of 47  22 of 56,24 of 31  8 of 41,11 of 12  7 of 7,4 of 4  7 of 8,12 of 16  17 of 51,27 of 29  5 of 5,0 of 2  0 of 0
0,Tim Sylvia  Brandon Vera,0  0,68 of 121  58 of 72,56%  80%,137 of 191  77 of 94,0 of 0  1 of 1,0%  100%,0  0,0  1,0  0,68 of 121  58 of 72,31 of 76  16 of 29,23 of 30  13 of 14,14 of 15  29 of 29,12 of 36  17 of 28,56 of 85  37 of 40,0 of 0  4 of 4
0,Alvin Robinson  Jorge Gurgel,0  0,44 of 78  3 of 12,56%  25%,186 of 248  33 of 46,2 of 4  0 of 0,50%  0%,1  0,0  4,1  1,44 of 78  3 of 12,42 of 75  3 of 11,1 of 1  0 of 0,1 of 2  0 of 1,5 of 11  0 of 3,2 of 4  0 of 0,37 of 63  3 of 9
0,Stephan Bonnar Eric Schafer,0  0,30 of 54  13 of 17,55%  76%,76 of 109  35 of 41,0 of 0  1 of 5,0%  20%,0  1,1  1,0  0,30 of 54  13 of 17,26 of 49  3 of 6,4 of 5  5 of 5,0 of 0  5 of 6,2 of 13  5 of 8,4 of 5  6 of 7,24 of 36  2 of 2
0,Alan Belcher Kalib Starnes,0  0,57 of 100  40 of 89,57%  44%,61 of 104  45 of 94,0 of 0  1 of 3,0%  33%,0  0,0  0,0  0,57 of 100  40 of 89,37 of 77  34 of 79,8 of 11  5 of 9,12 of 12  1 of 1,34 of 66  29 of 75,23 of 34  11 of 14,0 of 0  0 of 0
0,Yushin Okami Jason MacDonald,0  0,41 of 82  25 of 49,50%  51%,78 of 123  69 of 95,1 of 1  0 of 9,100%  0%,1  0,6  0,0  0,41 of 82  25 of 49,33 of 72  0 of 22,6 of 8  2 of 3,2 of 2  23 of 24,12 of 34  2 of 22,10 of 13  23 of 27,19 of 35  0 of 0
0,Demian Maia Ryan Jensen,0  0,3 of 3  2 of 3,100%  66%,9 of 11  6 of 7,2 of 2  0 of 0,100%  0%,1  0,2  0,0  0,3 of 3  2 of 3,1 of 1  2 of 3,1 of 1  0 of 0,1 of 1  0 of 0,1 of 1  0 of 1,0 of 0  0 of 0,2 of 2  2 of 2
0,Joshua Burkman Forrest Petz,1  0,44 of 87  65 of 138,50%  47%,51 of 95  113 of 187,3 of 13  0 of 0,23%  0%,2  0,0  0,0  1,44 of 87  65 of 138,34 of 71  30 of 91,5 of 10  33 of 45,5 of 6  2 of 2,33 of 69  40 of 105,5 of 12  24 of 29,6 of 6  1 of 4
0,Matt Grice Jason Black,1  0,44 of 73  10 of 20,60%  50%,132 of 170  43 of 56,3 of 3  0 of 1,100%  0%,0  7,9  1,0  1,44 of 73  10 of 20,38 of 66  7 of 17,6 of 6  3 of 3,0 of 1  0 of 0,8 of 16  2 of 11,5 of 5  3 of 4,31 of 52  5 of 5
0,Keith Jardine  Chuck Liddell,1  0,83 of 176  31 of 138,47%  22%,83 of 176  31 of 138,0 of 0  0 of 0,0%  0%,0  0,0  0,0  0,83 of 176  31 of 138,38 of 125  25 of 128,15 of 16  6 of 9,30 of 35  0 of 1,82 of 173  30 of 135,1 of 3  1 of 3,0 of 0  0 of 0
0,Forrest Griffin Mauricio Rua,0  0,66 of 130  27 of 75,50%  36%,146 of 214  53 of 105,2 of 2  5 of 12,100%  41%,3  0,5  0,2  0,66 of 130  27 of 75,44 of 104  21 of 69,13 of 16  3 of 3,9 of 10  3 of 3,21 of 54  14 of 50,4 of 7  3 of 3,41 of 69  10 of 22
0,Jon Fitch Diego Sanchez,0  0,25 of 40  11 of 18,62%  61%,144 of 178  25 of 34,3 of 3  2 of 9,100%  22%,0  5,2  0,0  1,25 of 40  11 of 18,18 of 33  3 of 10,6 of 6  7 of 7,1 of 1  1 of 1,6 of 19  3 of 10,6 of 6  7 of 7,13 of 15  1 of 1
0,Lyoto Machida Kazuhiro Nakamura,0  0,70 of 89  15 of 31,78%  48%,134 of 153  27 of 44,2 of 3  2 of 10,66%  20%,1  0,9  1,0  0,70 of 89  15 of 31,36 of 53  6 of 21,26 of 27  5 of 6,8 of 9  4 of 4,17 of 22  3 of 13,32 of 35  12 of 17,21 of 32  0 of 1
0,Tyson Griffin  Thiago Tavares,0  0,29 of 66  6 of 21,43%  28%,89 of 134  32 of 49,2 of 6  4 of 9,33%  44%,1  4,0  6,1  2,29 of 66  6 of 21,15 of 50  1 of 15,3 of 5  5 of 6,11 of 11  0 of 0,5 of 29  2 of 14,15 of 17  4 of 7,9 of 20  0 of 0
0,Rich Clementi  Anthony Johnson,0  1,12 of 24  22 of 50,50%  44%,43 of 57  25 of 54,1 of 2  1 of 2,50%  50%,2  3,2  1,1  1,12 of 24  22 of 50,9 of 18  15 of 41,0 of 1  5 of 6,3 of 5  2 of 3,5 of 15  7 of 28,1 of 3  4 of 7,6 of 6  11 of 15
0,Jeremy Stephens Diego Saraiva,0  0,50 of 90  11 of 29,55%  37%,109 of 154  71 of 93,2 of 2  0 of 0,100%  0%,0  2,0  4,1  1,50 of 90  11 of 29,39 of 77  8 of 24,7 of 9  1 of 1,4 of 4  2 of 4,11 of 26  6 of 21,0 of 0  0 of 0,39 of 64  5 of 8
0,Christian Wellisch  Scott Junk,0  0,6 of 11  17 of 28,54%  60%,7 of 12  30 of 42,1 of 1  0 of 0,100%  0%,2  0,0  0,0  0,6 of 11  17 of 28,0 of 3  8 of 16,4 of 6  3 of 6,2 of 2  6 of 6,0 of 1  5 of 10,6 of 10  12 of 18,0 of 0  0 of 0
0,Matt Wiman Michihiro Omigawa,0  0,59 of 108  33 of 64,54%  51%,109 of 167  78 of 114,4 of 5  1 of 2,80%  50%,0  1,5  0,2  1,59 of 108  33 of 64,53 of 98  32 of 63,2 of 6  0 of 0,4 of 4  1 of 1,10 of 20  7 of 21,6 of 19  21 of 31,43 of 69  5 of 12
0,Kenny Florian Din Thomas,0  0,27 of 57  3 of 15,47%  20%,50 of 82  3 of 15,2 of 2  0 of 1,100%  0%,1  0,1  0,0  0,27 of 57  3 of 15,21 of 50  3 of 14,4 of 4  0 of 0,2 of 3  0 of 1,5 of 17  0 of 8,0 of 0  1 of 3,22 of 40  2 of 4
0,Chris Leben Terry Martin,1  0,53 of 101  45 of 104,52%  43%,208 of 256  76 of 135,0 of 1  4 of 6,0%  66%,1  0,0  1,0  0,53 of 101  45 of 104,24 of 68  32 of 88,11 of 13  12 of 15,18 of 20  1 of 1,22 of 59  22 of 69,29 of 40  18 of 26,2 of 2  5 of 9
0,Nate Diaz Junior Assuncao,1  0,10 of 11  7 of 14,90%  50%,25 of 28  9 of 16,1 of 3  1 of 2,33%  50%,3  0,0  1,0  1,10 of 11  7 of 14,6 of 7  2 of 8,0 of 0  3 of 4,4 of 4  2 of 2,1 of 1  2 of 5,9 of 10  3 of 7,0 of 0  2 of 2
0,Nate Quarry  Pete Sell,1  1,64 of 129  53 of 114,49%  46%,75 of 141  70 of 132,0 of 1  2 of 4,0%  50%,0  0,0  0,0  0,64 of 129  53 of 114,29 of 87  42 of 100,12 of 18  8 of 11,23 of 24  3 of 3,51 of 110  40 of 98,10 of 16  11 of 14,3 of 3  2 of 2
0,Luke Cummo  Edilberto de Oliveira,1  0,6 of 19  5 of 16,31%  31%,6 of 19  5 of 16,0 of 0  0 of 0,0%  0%,0  0,0  0,0  0,6 of 19  5 of 16,4 of 14  1 of 10,2 of 5  0 of 0,0 of 0  4 of 6,5 of 18  5 of 16,0 of 0  0 of 0,1 of 1  0 of 0
0,Cole Miller Leonard Garcia,0  0,21 of 48  16 of 32,43%  50%,59 of 90  95 of 119,1 of 2  0 of 1,50%  0%,10  0,11  0,2  1,21 of 48  16 of 32,20 of 47  11 of 27,1 of 1  2 of 2,0 of 0  3 of 3,4 of 17  5 of 17,0 of 0  0 of 0,17 of 31  11 of 15
0,Gray Maynard Joe Veres,1  0,3 of 4  0 of 0,75%  0%,3 of 4  0 of 0,0 of 0  0 of 0,0%  0%,0  0,0  0,0  0,3 of 4  0 of 0,3 of 4  0 of 0,0 of 0  0 of 0,0 of 0  0 of 0,1 of 1  0 of 0,0 of 0  0 of 0,2 of 3  0 of 0
0,Thiago Alves Kuniyoshi Hironaka,0  0,48 of 97  15 of 39,49%  38%,50 of 101  20 of 44,0 of 0  2 of 6,0%  33%,0  0,1  1,0  0,48 of 97  15 of 39,28 of 72  7 of 30,2 of 3  3 of 3,18 of 22  5 of 6,28 of 68  10 of 32,14 of 17  3 of 5,6 of 12  2 of 2
0,Dustin Hazelett  Jonathan Goulet,0  0,3 of 5  0 of 0,60%  0%,3 of 5  0 of 0,0 of 0  1 of 1,0%  100%,2  0,0  1,0  0,3 of 5  0 of 0,3 of 5  0 of 0,0 of 0  0 of 0,0 of 0  0 of 0,3 of 5  0 of 0,0 of 0  0 of 0,0 of 0  0 of 0
0,Rampage Jackson Dan Henderson,1  0,74 of 108  60 of 95,68%  63%,185 of 222  94 of 135,2 of 3  3 of 8,66%  37%,0  3,7  3,0  1,74 of 108  60 of 95,34 of 67  22 of 54,28 of 29  18 of 20,12 of 12  20 of 21,26 of 45  12 of 33,23 of 29  35 of 45,25 of 34  13 of 17
0,Michael Bisping Matt Hamill,0  0,47 of 162  56 of 124,29%  45%,65 of 182  88 of 165,0 of 0  6 of 12,0%  50%,0  0,0  4,0  0,47 of 162  56 of 124,35 of 150  55 of 122,6 of 6  1 of 2,6 of 6  0 of 0,47 of 162  52 of 120,0 of 0  1 of 1,0 of 0  3 of 3
0,Cheick Kongo Mirko Cro Cop,0  0,63 of 103  15 of 33,61%  45%,87 of 131  45 of 63,1 of 4  1 of 1,25%  100%,0  0,1  2,1  0,63 of 103  15 of 33,11 of 38  8 of 20,26 of 33  5 of 9,26 of 32  2 of 4,26 of 61  9 of 22,31 of 34  3 of 6,6 of 8  3 of 5
0,Marcus Davis  Paul Taylor,0  1,24 of 40  16 of 30,60%  53%,32 of 48  26 of 41,1 of 3  0 of 0,33%  0%,1  0,3  2,0  1,24 of 40  16 of 30,22 of 37  12 of 25,2 of 3  2 of 2,0 of 0  2 of 3,7 of 15  6 of 15,1 of 2  3 of 4,16 of 23  7 of 11
0,Houston Alexander  Alessio Sakara,1  0,18 of 36  1 of 5,50%  20%,18 of 36  1 of 5,0 of 0  1 of 2,0%  50%,0  0,0  0,0  0,18 of 36  1 of 5,17 of 34  1 of 5,1 of 2  0 of 0,0 of 0  0 of 0,1 of 9  1 of 5,4 of 5  0 of 0,13 of 22  0 of 0
0,Gleison Tibau Terry Etim,0  0,14 of 23  18 of 34,60%  52%,105 of 123  20 of 37,7 of 10  0 of 1,70%  0%,0  0,7  0,0  0,14 of 23  18 of 34,12 of 21  8 of 23,2 of 2  3 of 4,0 of 0  7 of 7,0 of 6  18 of 34,0 of 0  0 of 0,14 of 17  0 of 0
0,Thiago Silva Tomasz Drwal,1  0,48 of 105  43 of 127,45%  33%,53 of 110  53 of 138,0 of 4  1 of 2,0%  50%,1  0,0  0,0  0,48 of 105  43 of 127,31 of 77  29 of 110,13 of 18  7 of 10,4 of 10  7 of 7,27 of 71  26 of 94,21 of 34  15 of 30,0 of 0  2 of 3
0,Dennis Siver Naoyuki Kotani,1  0,28 of 66  9 of 30,42%  30%,47 of 87  14 of 36,0 of 2  0 of 0,0%  0%,0  2,1  0,0  0,28 of 66  9 of 30,25 of 59  4 of 23,1 of 2  0 of 0,2 of 5  5 of 7,10 of 27  9 of 26,2 of 9  0 of 4,16 of 30  0 of 0
0,Jess Liaudin  Anthony Torres,2  0,38 of 67  13 of 26,56%  50%,46 of 76  28 of 42,0 of 1  0 of 0,0%  0%,0  0,0  0,0  0,38 of 67  13 of 26,31 of 60  7 of 20,3 of 3  3 of 3,4 of 4  3 of 3,18 of 41  9 of 22,17 of 20  4 of 4,3 of 6  0 of 0
0,Randy Couture  Gabriel Gonzaga,0  0,63 of 87  11 of 38,72%  28%,82 of 106  12 of 39,3 of 10  0 of 1,30%  0%,0  1,1  0,0  0,63 of 87  11 of 38,50 of 73  6 of 33,2 of 3  4 of 4,11 of 11  1 of 1,5 of 14  4 of 26,43 of 53  7 of 12,15 of 20  0 of 0
0,Georges St-Pierre Josh Koscheck,0  0,38 of 61  4 of 41,62%  9%,118 of 145  14 of 53,2 of 2  1 of 4,100%  25%,5  0,3  0,0  0,38 of 61  4 of 41,17 of 37  4 of 40,3 of 3  0 of 0,18 of 21  0 of 1,24 of 39  2 of 38,0 of 0  0 of 0,14 of 22  2 of 3
0,Roger Huerta  Alberto Crane,0  0,26 of 64  4 of 6,40%  66%,97 of 148  14 of 16,0 of 0  0 of 7,0%  0%,0  3,5  3,0  2,26 of 64  4 of 6,20 of 55  0 of 1,4 of 7  2 of 2,2 of 2  2 of 3,3 of 12  4 of 6,0 of 0  0 of 0,23 of 52  0 of 0
0,Joe Stevenson  Kurt Pellegrino,0  0,42 of 84  27 of 91,50%  29%,80 of 128  35 of 99,3 of 3  3 of 5,100%  60%,3  1,0  2,2  2,42 of 84  27 of 91,40 of 79  25 of 86,2 of 5  2 of 5,0 of 0  0 of 0,13 of 38  17 of 74,3 of 5  0 of 3,26 of 41  10 of 14
0,Patrick Cote Kendall Grove,1  0,20 of 31  12 of 27,64%  44%,32 of 44  25 of 40,0 of 2  0 of 1,0%  0%,1  0,3  0,0  0,20 of 31  12 of 27,15 of 25  3 of 15,1 of 2  7 of 7,4 of 4  2 of 5,7 of 14  3 of 16,2 of 3  9 of 11,11 of 14  0 of 0
0,Renato Sobral  David Heath,0  0,60 of 95  6 of 11,63%  54%,126 of 175  33 of 41,1 of 2  0 of 0,50%  0%,3  0,1  0,0  0,60 of 95  6 of 11,45 of 80  6 of 11,14 of 14  0 of 0,1 of 1  0 of 0,2 of 7  1 of 4,1 of 1  0 of 0,57 of 87  5 of 7
0,Frank Mir Antoni Hardonk,0  0,4 of 5  1 of 3,80%  33%,7 of 8  1 of 3,1 of 1  0 of 0,100%  0%,1  0,2  0,0  0,4 of 5  1 of 3,2 of 3  0 of 2,0 of 0  0 of 0,2 of 2  1 of 1,2 of 3  1 of 3,0 of 0  0 of 0,2 of 2  0 of 0
0,Thales Leites Ryan Jensen,0  0,10 of 18  11 of 26,55%  42%,12 of 20  14 of 29,3 of 4  0 of 0,75%  0%,2  1,1  0,0  0,10 of 18  11 of 26,1 of 8  8 of 20,1 of 1  2 of 5,8 of 9  1 of 1,9 of 17  6 of 18,0 of 0  2 of 3,1 of 1  3 of 5
0,Clay Guida Marcus Aurelio,2  0,44 of 181  40 of 135,24%  29%,71 of 208  47 of 142,0 of 1  0 of 3,0%  0%,0  0,0  0,0  0,44 of 181  40 of 135,27 of 155  39 of 134,6 of 13  0 of 0,11 of 13  1 of 1,35 of 166  40 of 135,2 of 3  0 of 0,7 of 12  0 of 0
0,Kenny Florian Alvin Robinson,0  0,20 of 32  6 of 16,62%  37%,51 of 67  15 of 27,3 of 5  1 of 1,60%  100%,0  0,6  0,0  0,20 of 32  6 of 16,16 of 28  4 of 14,2 of 2  2 of 2,2 of 2  0 of 0,1 of 5  3 of 9,2 of 2  3 of 6,17 of 25  0 of 1
0,Anderson Silva Nate Marquardt,1  0,10 of 15  3 of 11,66%  27%,30 of 35  12 of 23,1 of 1  1 of 2,100%  50%,0  0,0  1,0  0,10 of 15  3 of 11,9 of 14  1 of 9,1 of 1  1 of 1,0 of 0  1 of 1,4 of 5  2 of 6,0 of 0  0 of 0,6 of 10  1 of 5
0,Sean Sherk Hermes Franca,0  1,35 of 55  6 of 23,63%  26%,215 of 249  59 of 79,16 of 19  0 of 0,84%  0%,2  3,20  0,1  1,35 of 55  6 of 23,24 of 44  5 of 22,10 of 10  0 of 0,1 of 1  1 of 1,2 of 13  4 of 17,1 of 1  1 of 3,32 of 41  1 of 3
0,Minotauro Nogueira Heath Herring,0  1,55 of 120  31 of 127,45%  24%,79 of 153  47 of 144,4 of 5  0 of 0,80%  0%,2  0,7  0,0  2,55 of 120  31 of 127,44 of 109  19 of 109,11 of 11  3 of 8,0 of 0  9 of 10,45 of 108  21 of 100,8 of 8  5 of 15,2 of 4  5 of 12
0,Stephan Bonnar Mike Nickels,0  0,2 of 5  2 of 9,40%  22%,2 of 5  3 of 10,0 of 0  1 of 2,0%  50%,2  0,2  0,0  0,2 of 5  2 of 9,1 of 4  1 of 8,0 of 0  0 of 0,1 of 1  1 of 1,2 of 5  2 of 8,0 of 0  0 of 0,0 of 0  0 of 1
0,Jorge Gurgel  Diego Saraiva,0  0,67 of 230  49 of 166,29%  29%,120 of 301  78 of 195,0 of 0  0 of 2,0%  0%,0  0,0  0,0  0,67 of 230  49 of 166,57 of 214  42 of 155,4 of 7  4 of 5,6 of 9  3 of 6,40 of 171  43 of 147,11 of 25  4 of 15,16 of 34  2 of 4
0,Chris Lytle  Jason Gilliam,0  0,5 of 8  3 of 7,62%  42%,39 of 45  5 of 9,1 of 1  0 of 0,100%  0%,5  0,3  0,1  1,5 of 8  3 of 7,2 of 5  0 of 4,2 of 2  3 of 3,1 of 1  0 of 0,3 of 4  2 of 4,0 of 0  1 of 1,2 of 4  0 of 2
0,Frankie Edgar Mark Bocek,0  0,31 of 54  6 of 38,57%  15%,53 of 76  11 of 43,0 of 0  0 of 5,0%  0%,0  0,2  0,0  0,31 of 54  6 of 38,28 of 50  6 of 35,2 of 3  0 of 3,1 of 1  0 of 0,14 of 32  6 of 33,5 of 7  0 of 5,12 of 15  0 of 0
0,BJ Penn Jens Pulver,0  0,23 of 31  6 of 18,74%  33%,60 of 70  18 of 30,3 of 3  0 of 0,100%  0%,3  0,7  0,0  0,23 of 31  6 of 18,21 of 29  5 of 17,2 of 2  1 of 1,0 of 0  0 of 0,8 of 14  2 of 11,2 of 2  2 of 2,13 of 15  2 of 5
0,Nate Diaz Manvel Gamburyan,0  0,2 of 5  16 of 34,40%  47%,56 of 60  28 of 46,0 of 1  1 of 4,0%  25%,1  1,0  1,0  0,2 of 5  16 of 34,2 of 4  12 of 30,0 of 1  0 of 0,0 of 0  4 of 4,2 of 5  1 of 3,0 of 0  5 of 6,0 of 0  10 of 25
0,Thales Leites Floyd Sword,0  0,6 of 10  3 of 7,60%  42%,28 of 35  3 of 7,2 of 3  0 of 0,66%  0%,1  0,4  0,0  0,6 of 10  3 of 7,2 of 5  1 of 5,1 of 2  1 of 1,3 of 3  1 of 1,2 of 4  2 of 5,0 of 0  1 of 2,4 of 6  0 of 0
0,Roger Huerta  Doug Evans,0  0,34 of 78  20 of 51,43%  39%,60 of 107  36 of 72,0 of 6  4 of 5,0%  80%,0  0,4  2,1  0,34 of 78  20 of 51,21 of 62  12 of 41,10 of 13  4 of 5,3 of 3  4 of 5,16 of 47  8 of 34,5 of 8  10 of 12,13 of 23  2 of 5
0,Joe Lauzon Brandon Melendez,0  0,4 of 11  6 of 23,36%  26%,27 of 35  12 of 29,3 of 4  0 of 0,75%  0%,6  0,9  1,1  2,4 of 11  6 of 23,3 of 10  5 of 21,1 of 1  1 of 2,0 of 0  0 of 0,0 of 7  5 of 19,0 of 0  0 of 0,4 of 4  1 of 4
0,Cole Miller Andy Wang,1  0,12 of 32  4 of 11,37%  36%,14 of 34  4 of 11,0 of 0  0 of 1,0%  0%,0  0,0  0,0  0,12 of 32  4 of 11,11 of 29  3 of 8,1 of 3  1 of 2,0 of 0  0 of 1,3 of 16  1 of 6,1 of 4  3 of 5,8 of 12  0 of 0
0,Leonard Garcia Allen Berube,0  0,4 of 6  4 of 5,66%  80%,11 of 15  26 of 28,0 of 0  2 of 2,0%  100%,1  1,4  1,2  0,4 of 6  4 of 5,3 of 5  4 of 5,0 of 0  0 of 0,1 of 1  0 of 0,2 of 2  0 of 1,0 of 0  0 of 0,2 of 4  4 of 4
0,Matt Wiman Brian Geraghty,0  0,21 of 33  1 of 4,63%  25%,25 of 37  7 of 10,1 of 2  0 of 0,50%  0%,0  0,2  0,0  0,21 of 33  1 of 4,19 of 31  1 of 3,1 of 1  0 of 1,1 of 1  0 of 0,1 of 5  0 of 2,0 of 0  1 of 2,20 of 28  0 of 0
0,Rich Franklin Yushin Okami,0  0,36 of 102  17 of 59,35%  28%,42 of 110  34 of 78,1 of 3  1 of 2,33%  50%,0  3,1  2,0  0,36 of 102  17 of 59,13 of 73  9 of 46,10 of 15  3 of 6,13 of 14  5 of 7,28 of 91  12 of 51,7 of 9  2 of 4,1 of 2  3 of 4
0,Forrest Griffin Hector Ramirez,0  0,113 of 246  20 of 74,45%  27%,115 of 248  20 of 74,0 of 1  2 of 3,0%  66%,0  0,0  1,0  0,113 of 246  20 of 74,53 of 154  19 of 71,19 of 28  1 of 3,41 of 64  0 of 0,77 of 187  17 of 65,36 of 59  2 of 6,0 of 0  1 of 3
0,Jason MacDonald Rory Singer,0  0,30 of 49  17 of 25,61%  68%,81 of 107  29 of 38,2 of 7  1 of 2,28%  50%,0  1,2  2,1  0,30 of 49  17 of 25,19 of 37  10 of 18,3 of 3  5 of 5,8 of 9  2 of 2,2 of 5  0 of 0,8 of 10  15 of 21,20 of 34  2 of 4
0,Tyson Griffin  Clay Guida,0  0,50 of 87  36 of 65,57%  55%,87 of 125  82 of 114,2 of 2  4 of 14,100%  28%,2  2,0  4,0  0,50 of 87  36 of 65,31 of 68  22 of 50,16 of 16  12 of 13,3 of 3  2 of 2,27 of 58  11 of 31,6 of 10  5 of 5,17 of 19  20 of 29
0,Ed Herman Scott Smith,0  0,24 of 43  3 of 6,55%  50%,53 of 78  12 of 16,3 of 5  0 of 0,60%  0%,2  2,1  0,0  0,24 of 43  3 of 6,24 of 42  3 of 6,0 of 1  0 of 0,0 of 0  0 of 0,1 of 3  0 of 2,4 of 11  0 of 1,19 of 29  3 of 3
0,Marcus Davis  Jason Tan,1  0,9 of 14  6 of 13,64%  46%,9 of 14  6 of 13,0 of 0  0 of 0,0%  0%,0  0,0  0,0  0,9 of 14  6 of 13,9 of 14  0 of 5,0 of 0  0 of 0,0 of 0  6 of 8,5 of 9  6 of 13,0 of 1  0 of 0,4 of 4  0 of 0
0,Eddie Sanchez  Colin Robinson,0  0,41 of 67  36 of 50,61%  72%,68 of 94  62 of 76,1 of 2  1 of 1,50%  100%,0  2,4  2,1  0,41 of 67  36 of 50,38 of 61  26 of 39,3 of 6  10 of 11,0 of 0  0 of 0,1 of 3  0 of 0,15 of 21  16 of 18,25 of 43  20 of 32
0,Dustin Hazelett  Stevie Lynch,0  0,20 of 34  7 of 28,58%  25%,20 of 34  7 of 28,0 of 0  0 of 0,0%  0%,1  0,0  0,0  0,20 of 34  7 of 28,16 of 30  5 of 25,1 of 1  1 of 1,3 of 3  1 of 2,14 of 27  7 of 28,0 of 0  0 of 0,6 of 7  0 of 0
0,Spencer Fisher Sam Stout,0  0,88 of 239  76 of 286,36%  26%,89 of 240  78 of 288,0 of 2  0 of 0,0%  0%,0  0,0  0,0  0,88 of 239  76 of 286,57 of 198  40 of 228,22 of 30  30 of 50,9 of 11  6 of 8,81 of 229  64 of 271,7 of 10  12 of 15,0 of 0  0 of 0
0,Jon Fitch Roan Carneiro,0  0,18 of 34  4 of 10,52%  40%,54 of 70  5 of 11,0 of 1  2 of 4,0%  50%,1  1,1  0,0  0,18 of 34  4 of 10,14 of 30  1 of 5,1 of 1  3 of 5,3 of 3  0 of 0,5 of 12  1 of 4,4 of 7  2 of 4,9 of 15  1 of 2
0,Drew McFedries  Jordan Radev,1  0,6 of 10  1 of 2,60%  50%,6 of 10  1 of 2,0 of 0  0 of 0,0%  0%,0  0,0  0,0  0,6 of 10  1 of 2,6 of 10  0 of 1,0 of 0  0 of 0,0 of 0  1 of 1,4 of 8  1 of 2,0 of 0  0 of 0,2 of 2  0 of 0
0,Thiago Tavares Jason Black,0  0,11 of 18  0 of 4,61%  0%,52 of 64  16 of 20,2 of 4  0 of 0,50%  0%,2  2,6  2,0  1,11 of 18  0 of 4,10 of 17  0 of 2,1 of 1  0 of 2,0 of 0  0 of 0,2 of 3  0 of 3,0 of 0  0 of 0,9 of 15  0 of 1
0,Forrest Petz  Luigi Fioravanti,0  0,40 of 272  45 of 121,14%  37%,40 of 272  45 of 121,0 of 0  0 of 1,0%  0%,0  0,0  0,0  0,40 of 272  45 of 121,21 of 232  14 of 87,17 of 38  4 of 6,2 of 2  27 of 28,39 of 267  41 of 114,1 of 5  4 of 7,0 of 0  0 of 0
0,Tamdan McCrory Pete Spratt,0  0,8 of 14  19 of 34,57%  55%,13 of 19  29 of 44,2 of 5  0 of 0,40%  0%,2  0,2  5,0  1,8 of 14  19 of 34,5 of 8  16 of 31,3 of 4  1 of 1,0 of 2  2 of 2,3 of 6  5 of 6,1 of 4  0 of 0,4 of 4  14 of 28
0,Gleison Tibau Jeff Cox,0  0,3 of 5  0 of 4,60%  0%,4 of 6  1 of 5,0 of 0  1 of 1,0%  100%,1  0,2  0,1  0,3 of 5  0 of 4,3 of 5  0 of 4,0 of 0  0 of 0,0 of 0  0 of 0,3 of 5  0 of 4,0 of 0  0 of 0,0 of 0  0 of 0
0,Anthony Johnson Chad Reiner,1  0,3 of 7  2 of 9,42%  22%,3 of 7  2 of 9,0 of 0  0 of 0,0%  0%,0  0,0  0,0  0,3 of 7  2 of 9,3 of 7  1 of 8,0 of 0  0 of 0,0 of 0  1 of 1,3 of 7  2 of 9,0 of 0  0 of 0,0 of 0  0 of 0
0,Nate Mohr  Luke Caudillo,0  1,70 of 185  28 of 128,37%  21%,71 of 187  28 of 128,0 of 0  0 of 1,0%  0%,0  0,0  0,0  0,70 of 185  28 of 128,60 of 172  19 of 114,3 of 6  5 of 9,7 of 7  4 of 5,66 of 179  27 of 124,4 of 6  1 of 4,0 of 0  0 of 0
0,Rampage Jackson Chuck Liddell,1  0,6 of 8  4 of 11,75%  36%,6 of 8  4 of 11,0 of 0  0 of 0,0%  0%,0  0,0  0,0  0,6 of 8  4 of 11,6 of 8  2 of 9,0 of 0  1 of 1,0 of 0  1 of 1,3 of 4  4 of 11,0 of 0  0 of 0,3 of 4  0 of 0
0,Karo Parisyan  Joshua Burkman,0  0,54 of 126  16 of 91,42%  17%,58 of 130  20 of 96,2 of 7  2 of 12,28%  16%,0  0,0  0,0  0,54 of 126  16 of 91,38 of 109  10 of 84,7 of 8  2 of 3,9 of 9  4 of 4,36 of 91  13 of 72,16 of 32  2 of 17,2 of 3  1 of 2
0,Terry Martin  Ivan Salaverry,0  0,7 of 20  5 of 9,35%  55%,7 of 20  5 of 9,1 of 3  0 of 0,33%  0%,0  0,0  0,0  0,7 of 20  5 of 9,5 of 16  0 of 4,0 of 1  1 of 1,2 of 3  4 of 4,1 of 13  5 of 9,2 of 3  0 of 0,4 of 4  0 of 0
0,Houston Alexander  Keith Jardine,2  0,17 of 20  5 of 8,85%  62%,17 of 20  6 of 9,0 of 0  0 of 0,0%  0%,0  0,0  0,0  0,17 of 20  5 of 8,14 of 17  4 of 7,2 of 2  1 of 1,1 of 1  0 of 0,1 of 1  3 of 4,13 of 15  2 of 4,3 of 4  0 of 0
0,Kalib Starnes  Chris Leben,0  0,47 of 79  44 of 135,59%  32%,90 of 127  149 of 248,2 of 3  0 of 0,66%  0%,0  0,1  1,1  0,47 of 79  44 of 135,21 of 46  20 of 94,21 of 28  11 of 24,5 of 5  13 of 17,22 of 39  26 of 98,12 of 15  15 of 33,13 of 25  3 of 4
0,Thiago Silva James Irvin,0  0,1 of 1  3 of 4,100%  75%,1 of 1  4 of 5,1 of 2  0 of 0,50%  0%,0  1,1  0,0  0,1 of 1  3 of 4,0 of 0  2 of 3,1 of 1  0 of 0,0 of 0  1 of 1,1 of 1  1 of 2,0 of 0  0 of 0,0 of 0  2 of 2
0,Alan Belcher Sean Salmon,0  0,0 of 2  1 of 1,0%  100%,0 of 2  1 of 1,0 of 0  0 of 1,0%  0%,1  0,0  0,0  0,0 of 2  1 of 1,0 of 2  0 of 0,0 of 0  1 of 1,0 of 0  0 of 0,0 of 2  0 of 0,0 of 0  0 of 0,0 of 0  1 of 1
0,Din Thomas  Jeremy Stephens,0  0,10 of 37  7 of 35,27%  20%,35 of 65  19 of 48,1 of 2  0 of 0,50%  0%,2  0,3  0,0  1,10 of 37  7 of 35,5 of 30  5 of 30,1 of 3  1 of 3,4 of 4  1 of 2,8 of 35  5 of 27,0 of 0  0 of 0,2 of 2  2 of 8
0,Wilson Gouveia  Carmelo Marrero,1  0,18 of 31  1 of 7,58%  14%,29 of 42  1 of 7,0 of 0  0 of 4,0%  0%,1  0,2  0,0  0,18 of 31  1 of 7,11 of 24  0 of 5,0 of 0  0 of 0,7 of 7  1 of 2,12 of 21  1 of 7,3 of 7  0 of 0,3 of 3  0 of 0
0,Gabriel Gonzaga Mirko Cro Cop,1  0,19 of 46  1 of 3,41%  33%,31 of 58  4 of 6,1 of 1  0 of 0,100%  0%,0  0,0  0,0  0,19 of 46  1 of 3,18 of 44  0 of 2,0 of 1  1 of 1,1 of 1  0 of 0,2 of 18  1 of 3,0 of 0  0 of 0,17 of 28  0 of 0
0,Andrei Arlovski Fabricio Werdum,1  0,28 of 81  23 of 78,34%  29%,30 of 85  26 of 83,0 of 0  0 of 3,0%  0%,0  0,0  0,0  0,28 of 81  23 of 78,9 of 37  15 of 69,0 of 3  3 of 4,19 of 41  5 of 5,19 of 68  16 of 68,5 of 8  7 of 10,4 of 5  0 of 0
0,Michael Bisping Elvis Sinosic,0  1,36 of 77  8 of 20,46%  40%,91 of 144  20 of 34,1 of 1  0 of 0,100%  0%,0  2,0  2,1  0,36 of 77  8 of 20,30 of 70  2 of 12,6 of 7  2 of 2,0 of 0  4 of 6,7 of 15  4 of 14,0 of 0  3 of 3,29 of 62  1 of 3
0,Lyoto Machida David Heath,1  0,67 of 101  8 of 46,66%  17%,80 of 115  20 of 59,0 of 0  0 of 1,0%  0%,1  0,4  0,0  0,67 of 101  8 of 46,34 of 65  3 of 35,16 of 18  3 of 6,17 of 18  2 of 5,38 of 60  7 of 43,11 of 12  1 of 3,18 of 29  0 of 0
0,Cheick Kongo Assuerio Silva,0  0,64 of 113  13 of 24,56%  54%,97 of 148  86 of 103,0 of 0  6 of 12,0%  50%,1  0,0  5,1  0,64 of 113  13 of 24,40 of 82  4 of 14,16 of 21  2 of 2,8 of 10  7 of 8,37 of 79  11 of 19,23 of 28  1 of 4,4 of 6  1 of 1
0,Terry Etim Matt Grice,0  0,5 of 9  26 of 38,55%  68%,16 of 20  45 of 60,0 of 0  1 of 1,0%  100%,3  0,0  0,0  0,5 of 9  26 of 38,2 of 6  20 of 32,2 of 2  6 of 6,1 of 1  0 of 0,4 of 8  0 of 1,1 of 1  0 of 2,0 of 0  26 of 35
0,Junior Assuncao  David Lee,1  0,29 of 49  12 of 24,59%  50%,59 of 84  23 of 36,0 of 1  0 of 4,0%  0%,2  0,3  0,0  0,29 of 49  12 of 24,21 of 41  3 of 11,7 of 7  7 of 10,1 of 1  2 of 3,9 of 20  5 of 12,15 of 24  7 of 12,5 of 5  0 of 0
0,Alessio Sakara Victor Valimaki,0  0,6 of 23  0 of 10,26%  0%,6 of 23  0 of 10,0 of 0  0 of 4,0%  0%,0  0,0  0,0  0,6 of 23  0 of 10,6 of 23  0 of 10,0 of 0  0 of 0,0 of 0  0 of 0,5 of 20  0 of 10,1 of 3  0 of 0,0 of 0  0 of 0
0,Jess Liaudin  Dennis Siver,0  0,1 of 5  2 of 3,20%  66%,1 of 5  4 of 5,0 of 0  1 of 1,0%  100%,1  0,0  1,0  0,1 of 5  2 of 3,0 of 2  0 of 1,0 of 1  2 of 2,1 of 2  0 of 0,1 of 5  2 of 3,0 of 0  0 of 0,0 of 0  0 of 0
0,Paul Taylor Edilberto de Oliveira,1  0,78 of 198  46 of 142,39%  32%,80 of 200  46 of 142,0 of 0  0 of 5,0%  0%,0  0,0  0,0  0,78 of 198  46 of 142,44 of 153  20 of 110,6 of 7  15 of 15,28 of 38  11 of 17,71 of 183  45 of 139,4 of 5  1 of 3,3 of 10  0 of 0
0,Matt Serra Georges St-Pierre,2  0,20 of 40  6 of 23,50%  26%,20 of 40  6 of 23,0 of 0  0 of 1,0%  0%,0  0,1  0,0  0,20 of 40  6 of 23,13 of 31  4 of 20,3 of 5  0 of 0,4 of 4  2 of 3,13 of 29  6 of 23,0 of 0  0 of 0,7 of 11  0 of 0
0,Josh Koscheck Diego Sanchez,0  0,30 of 116  12 of 116,25%  10%,33 of 119  12 of 116,1 of 1  0 of 0,100%  0%,0  0,0  0,0  1,30 of 116  12 of 116,23 of 107  6 of 108,3 of 5  0 of 2,4 of 4  6 of 6,30 of 116  12 of 116,0 of 0  0 of 0,0 of 0  0 of 0
0,Roger Huerta  Leonard Garcia,0  0,85 of 206  29 of 89,41%  32%,152 of 300  58 of 134,6 of 7  0 of 1,85%  0%,0  2,8  1,1  2,85 of 206  29 of 89,79 of 198  23 of 75,6 of 8  3 of 6,0 of 0  3 of 8,19 of 77  17 of 63,17 of 41  9 of 21,49 of 88  3 of 5
0,Yushin Okami Mike Swick,0  0,28 of 55  28 of 99,50%  28%,129 of 170  48 of 121,4 of 9  0 of 0,44%  0%,2  0,5  1,0  1,28 of 55  28 of 99,24 of 50  14 of 77,2 of 2  3 of 6,2 of 3  11 of 16,12 of 34  16 of 83,4 of 4  11 of 15,12 of 17  1 of 1
0,Kendall Grove  Alan Belcher,0  0,41 of 74  8 of 13,55%  61%,95 of 128  10 of 15,1 of 1  1 of 7,100%  14%,2  0,3  1,0  0,41 of 74  8 of 13,25 of 52  0 of 5,10 of 16  5 of 5,6 of 6  3 of 3,13 of 32  7 of 11,20 of 29  0 of 1,8 of 13  1 of 1
0,Heath Herring Brad Imes,2  0,64 of 123  19 of 52,52%  36%,163 of 232  35 of 74,1 of 1  1 of 2,100%  50%,0  2,3  1,2  0,64 of 123  19 of 52,53 of 112  15 of 47,7 of 7  3 of 4,4 of 4  1 of 1,26 of 64  10 of 36,5 of 9  5 of 8,33 of 50  4 of 8
0,Thales Leites Pete Sell,0  0,56 of 84  3 of 14,66%  21%,125 of 155  14 of 25,3 of 8  0 of 0,37%  0%,4  2,11  1,0  0,56 of 84  3 of 14,48 of 75  1 of 10,3 of 4  2 of 4,5 of 5  0 of 0,12 of 24  2 of 11,3 of 5  0 of 0,41 of 55  1 of 3
0,Marcus Davis  Pete Spratt,0  0,6 of 20  7 of 21,30%  33%,18 of 32  15 of 29,3 of 3  0 of 0,100%  0%,1  0,5  0,0  1,6 of 20  7 of 21,6 of 20  3 of 14,0 of 0  1 of 3,0 of 0  3 of 4,5 of 17  5 of 16,0 of 1  2 of 3,1 of 2  0 of 2
0,Luke Cummo  Josh Haynes,1  0,38 of 89  9 of 55,42%  16%,43 of 94  15 of 61,0 of 1  1 of 4,0%  25%,0  0,0  0,0  0,38 of 89  9 of 55,19 of 66  4 of 48,16 of 20  3 of 4,3 of 3  2 of 3,31 of 77  7 of 51,7 of 12  2 of 4,0 of 0  0 of 0
0,Joe Stevenson  Melvin Guillard,0  0,2 of 3  1 of 7,66%  14%,2 of 3  1 of 7,1 of 1  0 of 0,100%  0%,1  0,0  0,0  0,2 of 3  1 of 7,2 of 3  1 of 7,0 of 0  0 of 0,0 of 0  0 of 0,2 of 2  1 of 7,0 of 0  0 of 0,0 of 1  0 of 0
0,Justin McCully  Antoni Hardonk,0  0,21 of 40  26 of 35,52%  74%,80 of 120  50 of 61,3 of 5  0 of 0,60%  0%,0  1,1  0,0  0,21 of 40  26 of 35,19 of 38  10 of 18,0 of 0  14 of 15,2 of 2  2 of 2,2 of 3  3 of 6,1 of 1  23 of 29,18 of 36  0 of 0
0,Kenny Florian Dokonjonosuke Mishima,0  0,38 of 72  6 of 36,52%  16%,94 of 132  28 of 58,1 of 1  1 of 10,100%  10%,1  2,6  0,0  0,38 of 72  6 of 36,25 of 57  4 of 30,2 of 3  1 of 4,11 of 12  1 of 2,15 of 30  3 of 26,4 of 5  2 of 5,19 of 37  1 of 5
0,Wilson Gouveia  Seth Petruzelli,0  0,17 of 39  8 of 30,43%  26%,37 of 59  26 of 48,1 of 1  1 of 1,100%  100%,1  0,1  0,0  0,17 of 39  8 of 30,10 of 29  4 of 26,1 of 2  0 of 0,6 of 8  4 of 4,6 of 15  7 of 26,2 of 3  1 of 4,9 of 21  0 of 0
0,Drew Fickett Keita Nakamura,0  0,79 of 174  32 of 88,45%  36%,132 of 241  49 of 118,2 of 5  2 of 2,40%  100%,0  0,1  0,0  1,79 of 174  32 of 88,36 of 125  29 of 85,37 of 43  2 of 2,6 of 6  1 of 1,16 of 58  18 of 63,34 of 46  8 of 12,29 of 70  6 of 13
0,Kurt Pellegrino  Nate Mohr,0  0,4 of 7  6 of 11,57%  54%,9 of 12  16 of 21,1 of 2  0 of 0,50%  0%,1  0,4  0,0  0,4 of 7  6 of 11,3 of 6  4 of 8,1 of 1  2 of 2,0 of 0  0 of 1,0 of 2  1 of 3,0 of 0  3 of 3,4 of 5  2 of 5
0,Kuniyoshi Hironaka  Forrest Petz,0  0,26 of 45  7 of 35,57%  20%,115 of 138  26 of 54,5 of 12  0 of 0,41%  0%,1  0,10  0,0  1,26 of 45  7 of 35,20 of 38  4 of 28,4 of 4  1 of 3,2 of 3  2 of 4,4 of 14  4 of 27,3 of 4  3 of 8,19 of 27  0 of 0
0,Roan Carneiro Rich Clementi,0  0,22 of 36  9 of 27,61%  33%,59 of 77  59 of 77,7 of 8  0 of 0,87%  0%,4  0,8  0,0  0,22 of 36  9 of 27,16 of 30  5 of 23,4 of 4  2 of 2,2 of 2  2 of 2,7 of 12  6 of 21,9 of 10  3 of 6,6 of 14  0 of 0
0,Thiago Tavares Naoyuki Kotani,0  0,21 of 28  12 of 30,75%  40%,159 of 175  72 of 94,4 of 6  1 of 2,66%  50%,2  1,7  2,1  3,21 of 28  12 of 30,13 of 18  3 of 17,7 of 7  1 of 2,1 of 3  8 of 11,5 of 11  8 of 22,0 of 0  3 of 5,16 of 17  1 of 3
0,Randy Couture  Tim Sylvia,1  0,73 of 138  25 of 106,52%  23%,138 of 205  39 of 123,7 of 10  0 of 0,70%  0%,0  0,7  0,0  0,73 of 138  25 of 106,57 of 119  22 of 102,13 of 16  3 of 4,3 of 3  0 of 0,40 of 90  15 of 92,2 of 2  5 of 9,31 of 46  5 of 5
0,Martin Kampmann Drew McFedries,0  1,15 of 32  16 of 33,46%  48%,30 of 48  17 of 34,1 of 1  0 of 0,100%  0%,1  0,1  0,0  0,15 of 32  16 of 33,9 of 23  16 of 32,6 of 9  0 of 1,0 of 0  0 of 0,9 of 21  11 of 24,2 of 6  1 of 4,4 of 5  4 of 5
0,Rich Franklin Jason MacDonald,0  0,49 of 89  16 of 27,55%  59%,63 of 103  27 of 38,1 of 1  1 of 11,100%  9%,0  0,4  0,1  0,49 of 89  16 of 27,44 of 83  0 of 11,3 of 4  3 of 3,2 of 2  13 of 13,10 of 24  4 of 14,9 of 11  11 of 12,30 of 54  1 of 1
0,Matt Hughes Chris Lytle,0  0,13 of 21  5 of 16,61%  31%,60 of 68  44 of 55,2 of 3  0 of 0,66%  0%,3  3,8  1,1  1,13 of 21  5 of 16,11 of 19  1 of 11,2 of 2  4 of 5,0 of 0  0 of 0,0 of 0  1 of 9,0 of 0  0 of 0,13 of 21  4 of 7
0,Jason Lambert  Renato Sobral,2  0,19 of 30  5 of 22,63%  22%,64 of 85  23 of 41,2 of 2  1 of 1,100%  100%,0  1,2  2,0  0,19 of 30  5 of 22,15 of 26  4 of 15,3 of 3  1 of 6,1 of 1  0 of 1,3 of 3  2 of 11,8 of 11  2 of 8,8 of 16  1 of 3
0,Matt Hamill Rex Holman,0  0,29 of 49  11 of 32,59%  34%,45 of 68  15 of 36,0 of 1  0 of 4,0%  0%,0  0,2  0,0  0,29 of 49  11 of 32,28 of 47  3 of 20,1 of 2  1 of 2,0 of 0  7 of 10,10 of 25  10 of 29,4 of 5  1 of 3,15 of 19  0 of 0
0,Jon Fitch Luigi Fioravanti,0  0,19 of 42  14 of 25,45%  56%,69 of 93  21 of 32,2 of 7  0 of 0,28%  0%,2  0,4  0,0  0,19 of 42  14 of 25,7 of 25  3 of 13,7 of 10  3 of 4,5 of 7  8 of 8,6 of 17  4 of 13,6 of 10  10 of 12,7 of 15  0 of 0
0,Gleison Tibau Jason Dent,0  0,36 of 83  12 of 42,43%  28%,112 of 174  116 of 151,5 of 6  0 of 0,83%  0%,1  0,8  0,0  0,36 of 83  12 of 42,33 of 79  4 of 27,1 of 1  4 of 9,2 of 3  4 of 6,6 of 25  10 of 39,0 of 0  1 of 2,30 of 58  1 of 1
0,Jamie Varner Jason Gilliam,0  0,7 of 13  0 of 2,53%  0%,10 of 16  1 of 3,1 of 1  0 of 0,100%  0%,2  0,1  0,0  0,7 of 13  0 of 2,6 of 12  0 of 2,0 of 0  0 of 0,1 of 1  0 of 0,1 of 1  0 of 1,0 of 0  0 of 1,6 of 12  0 of 0
0,Anderson Silva Travis Lutter,0  0,9 of 11  8 of 16,81%  50%,28 of 33  14 of 22,0 of 0  3 of 5,0%  60%,2  0,0  2,1  0,9 of 11  8 of 16,8 of 9  7 of 15,0 of 1  1 of 1,1 of 1  0 of 0,2 of 3  0 of 2,0 of 0  0 of 0,7 of 8  8 of 14
0,Mirko Cro Cop Eddie Sanchez,1  0,20 of 39  5 of 40,51%  12%,32 of 51  5 of 40,0 of 0  0 of 0,0%  0%,0  0,2  0,0  0,20 of 39  5 of 40,16 of 34  4 of 38,3 of 3  1 of 1,1 of 2  0 of 1,12 of 26  3 of 37,1 of 3  2 of 3,7 of 10  0 of 0
0,Roger Huerta  John Halverson,0  0,13 of 18  1 of 2,72%  50%,13 of 18  1 of 2,1 of 1  0 of 0,100%  0%,0  0,1  0,0  0,13 of 18  1 of 2,13 of 18  0 of 1,0 of 0  1 of 1,0 of 0  0 of 0,0 of 1  1 of 2,0 of 0  0 of 0,13 of 17  0 of 0
0,Rampage Jackson Marvin Eastman,1  0,45 of 74  15 of 54,60%  27%,55 of 84  25 of 64,0 of 1  0 of 1,0%  0%,0  0,0  0,0  0,45 of 74  15 of 54,31 of 59  9 of 47,12 of 13  5 of 5,2 of 2  1 of 2,13 of 34  5 of 41,31 of 39  10 of 13,1 of 1  0 of 0
0,Patrick Cote Scott Smith,0  0,50 of 86  34 of 90,58%  37%,58 of 94  35 of 91,1 of 3  0 of 3,33%  0%,0  0,0  0,0  0,50 of 86  34 of 90,24 of 56  28 of 76,10 of 12  2 of 5,16 of 18  4 of 9,28 of 47  19 of 58,19 of 32  15 of 32,3 of 7  0 of 0
0,Terry Martin  Jorge Rivera,1  0,4 of 4  1 of 2,100%  50%,4 of 4  1 of 2,0 of 0  0 of 0,0%  0%,0  0,0  0,0  0,4 of 4  1 of 2,4 of 4  0 of 0,0 of 0  0 of 1,0 of 0  1 of 1,1 of 1  1 of 2,0 of 0  0 of 0,3 of 3  0 of 0
0,Frankie Edgar Tyson Griffin,0  0,55 of 100  38 of 115,55%  33%,92 of 141  42 of 119,8 of 15  3 of 6,53%  50%,0  4,6  0,1  0,55 of 100  38 of 115,43 of 86  18 of 91,11 of 12  10 of 13,1 of 2  10 of 11,13 of 46  33 of 109,24 of 31  4 of 5,18 of 23  1 of 1
0,Lyoto Machida Sam Hoger,1  0,62 of 95  11 of 47,65%  23%,84 of 117  40 of 78,4 of 4  1 of 7,100%  14%,0  0,13  1,1  0,62 of 95  11 of 47,42 of 69  6 of 37,6 of 8  3 of 6,14 of 18  2 of 4,35 of 53  11 of 41,5 of 9  0 of 5,22 of 33  0 of 1
0,Dustin Hazelett  Diego Saraiva,0  0,44 of 105  14 of 32,41%  43%,83 of 147  59 of 78,1 of 1  4 of 8,100%  50%,1  0,0  5,0  0,44 of 105  14 of 32,39 of 96  12 of 29,2 of 2  1 of 1,3 of 7  1 of 2,18 of 47  10 of 26,5 of 7  0 of 0,21 of 51  4 of 6
0,Rashad Evans Sean Salmon,1  0,13 of 35  10 of 28,37%  35%,13 of 35  15 of 33,0 of 0  2 of 3,0%  66%,0  0,0  2,0  0,13 of 35  10 of 28,10 of 30  10 of 27,3 of 5  0 of 1,0 of 0  0 of 0,6 of 26  2 of 16,6 of 8  2 of 5,1 of 1  6 of 7
0,Jake O'Brien  Heath Herring,0  1,13 of 41  11 of 61,31%  18%,46 of 76  32 of 83,6 of 8  1 of 1,75%  100%,1  1,17  0,2  0,13 of 41  11 of 61,12 of 40  9 of 59,1 of 1  2 of 2,0 of 0  0 of 0,2 of 20  4 of 49,0 of 0  0 of 3,11 of 21  7 of 9
0,Hermes Franca  Spencer Fisher,0  0,25 of 80  24 of 61,31%  39%,57 of 118  52 of 90,2 of 5  0 of 0,40%  0%,2  0,3  0,1  0,25 of 80  24 of 61,23 of 76  10 of 43,2 of 4  8 of 11,0 of 0  6 of 7,12 of 43  22 of 53,5 of 10  1 of 7,8 of 27  1 of 1
0,Nate Marquardt Dean Lister,4  0,53 of 98  18 of 43,54%  41%,66 of 112  27 of 55,2 of 2  0 of 11,100%  0%,0  0,4  0,0  0,53 of 98  18 of 43,42 of 84  9 of 32,5 of 8  0 of 0,6 of 6  9 of 11,24 of 59  17 of 40,12 of 14  0 of 2,17 of 25  1 of 1
0,Joshua Burkman Chad Reiner,0  0,27 of 49  6 of 30,55%  20%,69 of 94  41 of 68,9 of 12  1 of 3,75%  33%,0  2,4  1,1  0,27 of 49  6 of 30,16 of 37  3 of 22,3 of 3  2 of 4,8 of 9  1 of 4,4 of 15  3 of 24,9 of 10  3 of 6,14 of 24  0 of 0
0,Ed Herman Chris Price,0  0,5 of 9  5 of 5,55%  100%,13 of 22  8 of 9,1 of 2  0 of 0,50%  0%,1  1,1  0,0  0,5 of 9  5 of 5,5 of 9  1 of 1,0 of 0  4 of 4,0 of 0  0 of 0,0 of 1  1 of 1,1 of 1  4 of 4,4 of 7  0 of 0
0,Din Thomas  Clay Guida,0  0,33 of 113  33 of 105,29%  31%,51 of 131  93 of 170,0 of 0  5 of 16,0%  31%,1  0,0  2,0  0,33 of 113  33 of 105,28 of 108  29 of 99,1 of 1  1 of 3,4 of 4  3 of 3,27 of 103  13 of 69,4 of 7  1 of 3,2 of 3  19 of 33
0,Rich Clementi  Ross Pointon,0  0,23 of 63  23 of 104,36%  22%,26 of 66  23 of 104,1 of 1  0 of 0,100%  0%,1  0,4  0,0  0,23 of 63  23 of 104,8 of 43  6 of 86,5 of 7  2 of 3,10 of 13  15 of 15,23 of 63  21 of 100,0 of 0  2 of 4,0 of 0  0 of 0
0,Chuck Liddell  Tito Ortiz,1  0,49 of 132  21 of 76,37%  27%,51 of 138  21 of 76,0 of 0  1 of 8,0%  12%,0  0,0  0,0  0,49 of 132  21 of 76,40 of 123  7 of 55,5 of 5  5 of 6,4 of 4  9 of 15,33 of 86  19 of 74,1 of 2  2 of 2,15 of 44  0 of 0
0,Keith Jardine  Forrest Griffin,0  0,36 of 63  17 of 56,57%  30%,36 of 63  17 of 56,0 of 0  0 of 1,0%  0%,0  0,0  0,0  0,36 of 63  17 of 56,28 of 55  8 of 44,2 of 2  0 of 0,6 of 6  9 of 12,24 of 51  16 of 55,4 of 4  1 of 1,8 of 8  0 of 0
0,Jason MacDonald Chris Leben,0  0,9 of 27  15 of 34,33%  44%,35 of 53  52 of 71,1 of 5  2 of 2,20%  100%,1  0,1  2,0  0,9 of 27  15 of 34,2 of 14  13 of 30,4 of 6  2 of 2,3 of 7  0 of 2,4 of 17  3 of 11,5 of 10  10 of 18,0 of 0  2 of 5
0,Andrei Arlovski Marcio Cruz,0  0,7 of 11  0 of 2,63%  0%,32 of 37  0 of 2,0 of 0  0 of 5,0%  0%,1  2,1  0,0  0,7 of 11  0 of 2,5 of 9  0 of 2,0 of 0  0 of 0,2 of 2  0 of 0,2 of 6  0 of 2,0 of 0  0 of 0,5 of 5  0 of 0
0,Michael Bisping Eric Schafer,0  0,19 of 33  3 of 6,57%  50%,21 of 35  10 of 13,0 of 1  3 of 7,0%  42%,0  2,0  3,1  0,19 of 33  3 of 6,15 of 28  1 of 3,3 of 4  2 of 3,1 of 1  0 of 0,7 of 15  0 of 1,2 of 2  2 of 4,10 of 16  1 of 1
0,Thiago Alves Tony DeSouza,2  0,26 of 49  1 of 10,53%  10%,41 of 65  2 of 11,0 of 0  0 of 8,0%  0%,1  0,3  0,0  0,26 of 49  1 of 10,26 of 48  0 of 9,0 of 0  1 of 1,0 of 1  0 of 0,3 of 8  0 of 9,0 of 0  1 of 1,23 of 41  0 of 0
0,Gabriel Gonzaga Carmelo Marrero,0  0,4 of 10  1 of 2,40%  50%,23 of 33  6 of 7,1 of 1  0 of 1,100%  0%,3  0,4  0,0  0,4 of 10  1 of 2,4 of 10  1 of 2,0 of 0  0 of 0,0 of 0  0 of 0,1 of 3  0 of 1,0 of 0  0 of 0,3 of 7  1 of 1
0,Yushin Okami Rory Singer,0  0,35 of 83  28 of 93,42%  30%,74 of 125  35 of 101,3 of 4  0 of 1,75%  0%,0  0,8  0,0  0,35 of 83  28 of 93,24 of 70  5 of 68,5 of 5  5 of 5,6 of 8  18 of 20,10 of 52  10 of 72,7 of 7  18 of 21,18 of 24  0 of 0
0,Christian Wellisch  Anthony Perosh,1  1,61 of 206  48 of 107,29%  44%,98 of 249  76 of 137,1 of 1  3 of 11,100%  27%,0  0,1  0,1  0,61 of 206  48 of 107,56 of 200  40 of 98,1 of 2  0 of 1,4 of 4  8 of 8,37 of 157  25 of 71,16 of 28  16 of 27,8 of 21  7 of 9
0,Diego Sanchez Joe Riggs,2  0,6 of 10  3 of 6,60%  50%,6 of 10  3 of 6,0 of 1  0 of 0,0%  0%,0  0,0  0,0  0,6 of 10  3 of 6,5 of 9  2 of 4,1 of 1  1 of 2,0 of 0  0 of 0,3 of 7  3 of 6,0 of 0  0 of 0,3 of 3  0 of 0
0,Josh Koscheck Jeff Joslin,0  0,14 of 44  18 of 54,31%  33%,48 of 80  83 of 119,6 of 12  0 of 0,50%  0%,1  1,2  0,0  0,14 of 44  18 of 54,12 of 42  8 of 43,1 of 1  1 of 2,1 of 1  9 of 9,3 of 20  18 of 54,0 of 0  0 of 0,11 of 24  0 of 0
0,Karo Parisyan  Drew Fickett,0  0,56 of 147  47 of 128,38%  36%,101 of 196  63 of 145,3 of 4  1 of 7,75%  14%,0  0,5  0,0  0,56 of 147  47 of 128,55 of 146  21 of 92,1 of 1  11 of 13,0 of 0  15 of 23,33 of 96  27 of 91,10 of 27  9 of 17,13 of 24  11 of 20
0,Marcus Davis  Shonie Carter,1  0,54 of 106  27 of 86,50%  31%,69 of 122  39 of 102,1 of 2  0 of 0,50%  0%,2  0,2  0,0  1,54 of 106  27 of 86,38 of 86  9 of 63,7 of 10  3 of 6,9 of 10  15 of 17,44 of 93  22 of 72,9 of 12  2 of 5,1 of 1  3 of 9
0,David Heath  Victor Valimaki,0  0,44 of 132  66 of 209,33%  31%,48 of 136  83 of 226,0 of 0  1 of 3,0%  33%,0  0,0  1,0  0,44 of 132  66 of 209,24 of 103  46 of 181,9 of 15  8 of 13,11 of 14  12 of 15,36 of 118  53 of 183,7 of 13  8 of 17,1 of 1  5 of 9
0,Alan Belcher Jorge Santiago,1  0,29 of 76  14 of 59,38%  23%,71 of 122  24 of 69,1 of 2  0 of 3,50%  0%,2  3,0  2,0  1,29 of 76  14 of 59,11 of 54  11 of 53,1 of 2  1 of 3,17 of 20  2 of 3,14 of 50  12 of 54,5 of 5  1 of 2,10 of 21  1 of 3
0,Luigi Fioravanti  Dave Menne,1  0,23 of 50  8 of 42,46%  19%,31 of 59  8 of 42,1 of 1  0 of 2,100%  0%,0  2,0  0,0  0,23 of 50  8 of 42,14 of 40  2 of 30,5 of 5  2 of 2,4 of 5  4 of 10,14 of 35  8 of 41,7 of 10  0 of 1,2 of 5  0 of 0
0,Brock Larson  Keita Nakamura,0  0,22 of 55  16 of 44,40%  36%,42 of 79  75 of 104,5 of 20  0 of 1,25%  0%,0  1,2  0,0  0,22 of 55  16 of 44,20 of 52  14 of 42,2 of 3  2 of 2,0 of 0  0 of 0,11 of 36  13 of 38,4 of 7  2 of 5,7 of 12  1 of 1
0,Logan Clark  Steve Byrnes,0  0,40 of 55  18 of 35,72%  51%,183 of 219  45 of 64,0 of 0  3 of 5,0%  60%,2  4,4  2,1  1,40 of 55  18 of 35,27 of 40  16 of 33,11 of 13  2 of 2,2 of 2  0 of 0,2 of 6  1 of 3,14 of 22  3 of 3,24 of 27  14 of 29
0,Georges St-Pierre Matt Hughes,2  0,45 of 92  10 of 39,48%  25%,49 of 96  10 of 39,1 of 1  0 of 3,100%  0%,0  0,1  0,0  0,45 of 92  10 of 39,32 of 70  6 of 34,3 of 5  3 of 4,10 of 17  1 of 1,33 of 74  8 of 36,4 of 5  2 of 3,8 of 13  0 of 0
0,Tim Sylvia  Jeff Monson,0  0,49 of 175  12 of 50,28%  24%,100 of 233  50 of 100,0 of 0  1 of 13,0%  7%,1  2,1  2,1  1,49 of 175  12 of 50,27 of 152  10 of 47,2 of 2  2 of 3,20 of 21  0 of 0,28 of 151  6 of 36,0 of 0  0 of 0,21 of 24  6 of 14
0,Drew McFedries  Alessio Sakara,1  0,30 of 57  32 of 58,52%  55%,36 of 63  33 of 59,1 of 1  0 of 2,100%  0%,0  0,1  0,0  0,30 of 57  32 of 58,21 of 47  28 of 52,7 of 7  4 of 6,2 of 3  0 of 0,13 of 34  15 of 33,5 of 8  17 of 25,12 of 15  0 of 0
0,Brandon Vera Frank Mir,0  0,15 of 21  2 of 7,71%  28%,17 of 24  2 of 7,0 of 0  0 of 1,0%  0%,0  0,1  0,0  0,15 of 21  2 of 7,13 of 19  2 of 7,1 of 1  0 of 0,1 of 1  0 of 0,5 of 10  2 of 7,2 of 2  0 of 0,8 of 9  0 of 0
0,Joe Stevenson  Dokonjonosuke Mishima,0  0,1 of 1  1 of 5,100%  20%,2 of 2  6 of 13,0 of 0  1 of 1,0%  100%,3  0,0  1,0  0,1 of 1  1 of 5,0 of 0  0 of 4,1 of 1  1 of 1,0 of 0  0 of 0,0 of 0  0 of 2,1 of 1  0 of 0,0 of 0  1 of 3
0,Nick Diaz Gleison Tibau,0  0,24 of 51  0 of 9,47%  0%,117 of 158  7 of 16,0 of 1  0 of 3,0%  0%,1  1,1  0,1  0,24 of 51  0 of 9,24 of 51  0 of 9,0 of 0  0 of 0,0 of 0  0 of 0,1 of 2  0 of 1,0 of 0  0 of 0,23 of 49  0 of 8
0,Antoni Hardonk  Sherman Pendergarst,1  0,10 of 12  4 of 11,83%  36%,15 of 18  14 of 21,0 of 0  1 of 1,0%  100%,0  0,0  2,0  0,10 of 12  4 of 11,5 of 6  4 of 10,2 of 3  0 of 1,3 of 3  0 of 0,7 of 8  0 of 5,3 of 4  0 of 1,0 of 0  4 of 5
0,James Irvin  Hector Ramirez,1  0,17 of 34  33 of 48,50%  68%,18 of 35  66 of 81,0 of 0  3 of 5,0%  60%,0  1,0  3,0  0,17 of 34  33 of 48,4 of 14  24 of 38,2 of 3  5 of 6,11 of 17  4 of 4,13 of 27  15 of 24,1 of 3  10 of 13,3 of 4  8 of 11
0,Jake O'Brien  Josh Shockman,0  0,13 of 31  13 of 40,41%  32%,106 of 132  50 of 83,10 of 13  0 of 0,76%  0%,0  0,2  0,0  0,13 of 31  13 of 40,12 of 30  1 of 22,1 of 1  2 of 7,0 of 0  10 of 11,0 of 7  13 of 40,0 of 0  0 of 0,13 of 24  0 of 0
0,Matt Serra Chris Lytle,0  0,20 of 39  42 of 58,51%  72%,91 of 114  195 of 214,1 of 16  1 of 2,6%  50%,0  0,1  0,0  0,20 of 39  42 of 58,7 of 21  7 of 22,7 of 11  30 of 31,6 of 7  5 of 5,3 of 15  3 of 12,15 of 21  34 of 38,2 of 3  5 of 8
0,Travis Lutter  Patrick Cote,0  0,0 of 0  0 of 1,0%  0%,5 of 5  0 of 1,1 of 2  0 of 0,50%  0%,1  0,3  0,0  0,0 of 0  0 of 1,0 of 0  0 of 1,0 of 0  0 of 0,0 of 0  0 of 0,0 of 0  0 of 1,0 of 0  0 of 0,0 of 0  0 of 0
0,Din Thomas  Rich Clementi,1  0,33 of 75  22 of 72,44%  30%,63 of 107  27 of 77,1 of 1  1 of 2,100%  50%,1  0,2  0,0  0,33 of 75  22 of 72,23 of 62  9 of 54,9 of 12  7 of 9,1 of 1  6 of 9,17 of 54  13 of 57,14 of 18  9 of 15,2 of 3  0 of 0
0,Jorge Rivera  Edwin DeWees,1  0,24 of 43  6 of 25,55%  24%,31 of 56  7 of 26,0 of 0  0 of 0,0%  0%,0  0,0  0,0  0,24 of 43  6 of 25,16 of 33  4 of 22,4 of 5  1 of 1,4 of 5  1 of 2,7 of 11  4 of 18,10 of 21  2 of 7,7 of 11  0 of 0
0,Pete Spratt  Jeremy Jackson,0  0,12 of 15  5 of 14,80%  35%,40 of 43  20 of 33,0 of 0  2 of 5,0%  40%,0  0,0  2,1  1,12 of 15  5 of 14,7 of 10  0 of 7,2 of 2  1 of 1,3 of 3  4 of 6,4 of 5  0 of 8,3 of 3  5 of 5,5 of 7  0 of 1
0,Scott Smith  Pete Sell,2  0,26 of 93  32 of 90,27%  35%,26 of 93  44 of 102,0 of 0  0 of 0,0%  0%,0  0,0  0,0  0,26 of 93  32 of 90,23 of 86  19 of 73,0 of 1  4 of 6,3 of 6  9 of 11,24 of 87  29 of 82,2 of 5  3 of 8,0 of 1  0 of 0
0,Charles McCarthy  Gideon Ray,0  0,2 of 12  9 of 26,16%  34%,2 of 12  9 of 26,1 of 1  0 of 0,100%  0%,1  0,1  0,0  0,2 of 12  9 of 26,1 of 11  4 of 18,1 of 1  1 of 1,0 of 0  4 of 7,1 of 11  9 of 26,1 of 1  0 of 0,0 of 0  0 of 0
0,Martin Kampmann Thales Leites,1  1,101 of 200  46 of 171,50%  26%,109 of 208  53 of 178,0 of 0  1 of 12,0%  8%,0  0,0  1,0  0,101 of 200  46 of 171,74 of 173  37 of 160,14 of 14  7 of 9,13 of 13  2 of 2,79 of 172  36 of 153,20 of 26  7 of 10,2 of 2  3 of 8
0,Anderson Silva Rich Franklin,1  0,31 of 36  10 of 23,86%  43%,31 of 36  13 of 26,0 of 0  0 of 0,0%  0%,0  0,0  0,0  0,31 of 36  10 of 23,5 of 9  4 of 16,23 of 24  1 of 2,3 of 3  5 of 5,5 of 8  8 of 19,26 of 28  2 of 4,0 of 0  0 of 0
0,Sean Sherk Kenny Florian,0  0,60 of 104  23 of 40,57%  57%,161 of 217  90 of 110,8 of 13  0 of 1,61%  0%,1  4,15  0,0  1,60 of 104  23 of 40,55 of 98  12 of 28,1 of 1  10 of 11,4 of 5  1 of 1,8 of 15  12 of 28,3 of 6  0 of 0,49 of 83  11 of 12
0,Jon Fitch Kuniyoshi Hironaka,0  0,44 of 78  4 of 17,56%  23%,184 of 230  17 of 31,5 of 6  0 of 2,83%  0%,0  2,1  0,0  0,44 of 78  4 of 17,36 of 68  2 of 14,4 of 6  2 of 3,4 of 4  0 of 0,15 of 32  3 of 15,1 of 4  1 of 2,28 of 42  0 of 0
0,Carmelo Marrero  Cheick Kongo,0  0,16 of 31  18 of 42,51%  42%,70 of 88  70 of 94,6 of 10  0 of 2,60%  0%,0  2,5  2,0  0,16 of 31  18 of 42,6 of 20  4 of 20,10 of 11  4 of 4,0 of 0  10 of 18,0 of 1  13 of 36,0 of 1  5 of 5,16 of 29  0 of 1
0,Spencer Fisher Dan Lauzon,1  0,13 of 17  8 of 25,76%  32%,28 of 32  13 of 33,0 of 0  2 of 5,0%  40%,0  0,0  1,0  0,13 of 17  8 of 25,12 of 16  7 of 23,1 of 1  0 of 0,0 of 0  1 of 2,3 of 3  0 of 0,7 of 11  1 of 2,3 of 3  7 of 23
0,Yushin Okami Kalib Starnes,0  0,39 of 76  19 of 36,51%  52%,53 of 93  27 of 44,3 of 4  0 of 4,75%  0%,1  1,3  0,0  0,39 of 76  19 of 36,30 of 67  4 of 17,7 of 7  1 of 3,2 of 2  14 of 16,17 of 46  8 of 25,9 of 10  11 of 11,13 of 20  0 of 0
0,Clay Guida Justin James,0  0,26 of 52  13 of 36,50%  36%,93 of 125  28 of 52,2 of 4  0 of 0,50%  0%,2  1,2  0,0  0,26 of 52  13 of 36,23 of 49  8 of 31,2 of 2  5 of 5,1 of 1  0 of 0,2 of 13  3 of 24,1 of 1  8 of 10,23 of 38  2 of 2
0,Kurt Pellegrino  Junior Assuncao,0  0,5 of 9  1 of 6,55%  16%,30 of 37  3 of 10,1 of 1  0 of 0,100%  0%,1  0,2  0,0  0,5 of 9  1 of 6,5 of 9  1 of 6,0 of 0  0 of 0,0 of 0  0 of 0,0 of 0  1 of 6,0 of 0  0 of 0,5 of 9  0 of 0
0,Tito Ortiz  Ken Shamrock,0  0,18 of 29  0 of 0,62%  0%,38 of 52  7 of 7,1 of 1  0 of 0,100%  0%,0  0,0  0,0  0,18 of 29  0 of 0,15 of 25  0 of 0,1 of 1  0 of 0,2 of 3  0 of 0,0 of 2  0 of 0,3 of 3  0 of 0,15 of 24  0 of 0
0,Kendall Grove  Chris Price,0  0,13 of 26  5 of 10,50%  50%,22 of 36  7 of 12,1 of 1  0 of 0,100%  0%,1  0,1  0,1  1,13 of 26  5 of 10,12 of 25  2 of 7,1 of 1  3 of 3,0 of 0  0 of 0,1 of 4  2 of 5,1 of 1  3 of 3,11 of 21  0 of 2
0,Jason MacDonald Ed Herman,0  0,5 of 7  2 of 2,71%  100%,14 of 16  5 of 5,0 of 1  1 of 2,0%  50%,2  0,2  1,1  1,5 of 7  2 of 2,4 of 5  0 of 0,0 of 0  0 of 0,1 of 2  2 of 2,2 of 4  2 of 2,0 of 0  0 of 0,3 of 3  0 of 0
0,Matt Hamill Seth Petruzelli,0  1,14 of 40  25 of 58,35%  43%,105 of 148  54 of 88,7 of 11  0 of 0,63%  0%,0  1,0  0,0  0,14 of 40  25 of 58,11 of 37  11 of 41,0 of 0  8 of 10,3 of 3  6 of 7,8 of 29  21 of 49,3 of 5  3 of 6,3 of 6  1 of 3
0,Nate Marquardt Crafton Wallace,0  0,13 of 27  4 of 18,48%  22%,31 of 47  27 of 41,2 of 3  0 of 0,66%  0%,2  0,4  0,1  0,13 of 27  4 of 18,7 of 20  3 of 16,2 of 2  0 of 1,4 of 5  1 of 1,7 of 16  4 of 17,0 of 0  0 of 0,6 of 11  0 of 1
0,Tony DeSouza  Dustin Hazelett,0  0,5 of 5  1 of 4,100%  25%,12 of 12  1 of 4,1 of 1  0 of 0,100%  0%,1  1,2  0,0  0,5 of 5  1 of 4,5 of 5  1 of 4,0 of 0  0 of 0,0 of 0  0 of 0,0 of 0  1 of 4,0 of 0  0 of 0,5 of 5  0 of 0
0,Rory Singer  Josh Haynes,0  1,50 of 123  23 of 101,40%  22%,57 of 130  32 of 113,0 of 1  1 of 6,0%  16%,0  0,0  1,0  0,50 of 123  23 of 101,44 of 117  15 of 87,5 of 5  4 of 9,1 of 1  4 of 5,38 of 100  12 of 74,12 of 22  2 of 7,0 of 1  9 of 20
0,Thiago Alves John Alessio,0  0,63 of 142  13 of 82,44%  15%,84 of 164  18 of 87,0 of 0  2 of 10,0%  20%,0  0,0  2,0  0,63 of 142  13 of 82,27 of 95  12 of 79,11 of 13  0 of 2,25 of 34  1 of 1,41 of 104  10 of 72,15 of 23  2 of 9,7 of 15  1 of 1
0,Marcus Davis  Forrest Petz,0  0,33 of 50  5 of 18,66%  27%,66 of 88  19 of 35,0 of 0  0 of 0,0%  0%,1  0,0  0,0  0,33 of 50  5 of 18,17 of 33  2 of 14,8 of 9  2 of 3,8 of 8  1 of 1,5 of 11  1 of 9,20 of 24  4 of 9,8 of 15  0 of 0
0,Matt Hughes BJ Penn,0  0,35 of 88  17 of 37,39%  45%,77 of 133  49 of 70,1 of 9  0 of 1,11%  0%,0  2,2  1,0  1,35 of 88  17 of 37,28 of 78  10 of 28,5 of 8  7 of 9,2 of 2  0 of 0,20 of 58  8 of 25,4 of 7  7 of 10,11 of 23  2 of 2
0,Mike Swick David Loiseau,0  0,32 of 93  36 of 68,34%  52%,63 of 125  44 of 76,3 of 7  1 of 1,42%  100%,0  0,4  1,0  0,32 of 93  36 of 68,12 of 66  21 of 47,9 of 13  4 of 8,11 of 14  11 of 13,17 of 72  12 of 40,13 of 18  19 of 22,2 of 3  5 of 6
0,Melvin Guillard Gabe Ruediger,2  0,20 of 40  7 of 23,50%  30%,25 of 45  26 of 43,3 of 3  2 of 12,100%  16%,0  0,0  3,0  0,20 of 40  7 of 23,15 of 34  5 of 20,4 of 5  2 of 2,1 of 1  0 of 1,10 of 21  0 of 13,1 of 3  3 of 5,9 of 16  4 of 5
0,Rashad Evans Jason Lambert,0  0,25 of 44  6 of 18,56%  33%,42 of 61  13 of 27,8 of 8  0 of 2,100%  0%,0  3,6  0,0  0,25 of 44  6 of 18,18 of 35  1 of 12,7 of 9  5 of 6,0 of 0  0 of 0,0 of 6  1 of 11,5 of 7  5 of 7,20 of 31  0 of 0
0,Joe Lauzon Jens Pulver,1  0,9 of 11  0 of 1,81%  0%,9 of 11  0 of 1,1 of 1  0 of 0,100%  0%,0  0,0  0,0  0,9 of 11  0 of 1,9 of 11  0 of 1,0 of 0  0 of 0,0 of 0  0 of 0,3 of 4  0 of 1,1 of 1  0 of 0,5 of 6  0 of 0
0,Roger Huerta  Jason Dent,0  0,71 of 174  38 of 80,40%  47%,122 of 239  85 of 139,6 of 9  0 of 0,66%  0%,0  3,7  0,1  1,71 of 174  38 of 80,56 of 152  27 of 64,13 of 18  7 of 11,2 of 4  4 of 5,27 of 90  27 of 64,9 of 16  7 of 11,35 of 68  4 of 5
0,Eddie Sanchez  Mario Neto,1  0,10 of 34  10 of 20,29%  50%,23 of 47  12 of 22,0 of 0  1 of 1,0%  100%,0  0,0  1,0  0,10 of 34  10 of 20,8 of 32  4 of 13,0 of 0  0 of 0,2 of 2  6 of 7,3 of 25  5 of 13,1 of 1  4 of 5,6 of 8  1 of 2
0,Jorge Gurgel  Danny Abbadi,0  0,58 of 159  56 of 146,36%  38%,101 of 208  79 of 173,1 of 7  0 of 0,14%  0%,1  0,0  0,0  0,58 of 159  56 of 146,49 of 149  49 of 137,6 of 7  7 of 9,3 of 3  0 of 0,44 of 128  41 of 122,12 of 18  12 of 20,2 of 13  3 of 4
0,Tyson Griffin  David Lee,0  0,0 of 1  1 of 2,0%  50%,7 of 11  2 of 3,1 of 1  0 of 0,100%  0%,1  0,1  0,0  0,0 of 1  1 of 2,0 of 1  1 of 2,0 of 0  0 of 0,0 of 0  0 of 0,0 of 1  1 of 2,0 of 0  0 of 0,0 of 0  0 of 0
0,Chuck Liddell  Renato Sobral,2  0,17 of 25  1 of 9,68%  11%,17 of 25  1 of 9,0 of 0  0 of 0,0%  0%,0  0,0  0,0  0,17 of 25  1 of 9,15 of 22  0 of 7,2 of 3  0 of 1,0 of 0  1 of 1,8 of 12  1 of 9,0 of 0  0 of 0,9 of 13  0 of 0
0,Forrest Griffin Stephan Bonnar,0  0,83 of 207  41 of 159,40%  25%,87 of 211  44 of 162,0 of 0  0 of 0,0%  0%,0  0,0  0,0  0,83 of 207  41 of 159,50 of 157  32 of 141,6 of 8  4 of 10,27 of 42  5 of 8,75 of 193  41 of 158,8 of 14  0 of 1,0 of 0  0 of 0
0,Nick Diaz Josh Neer,0  0,75 of 199  25 of 62,37%  40%,186 of 328  33 of 71,3 of 5  0 of 2,60%  0%,1  0,1  0,0  0,75 of 199  25 of 62,49 of 164  15 of 52,23 of 31  6 of 6,3 of 4  4 of 4,35 of 133  12 of 36,39 of 61  13 of 26,1 of 5  0 of 0
0,Cheick Kongo Christian Wellisch,1  0,17 of 22  0 of 5,77%  0%,27 of 32  7 of 12,0 of 0  1 of 4,0%  25%,0  1,0  2,0  0,17 of 22  0 of 5,12 of 17  0 of 5,4 of 4  0 of 0,1 of 1  0 of 0,3 of 6  0 of 4,14 of 16  0 of 0,0 of 0  0 of 1
0,Hermes Franca  Jamie Varner,0  0,22 of 46  18 of 106,47%  16%,97 of 125  41 of 129,1 of 2  9 of 15,50%  60%,3  0,0  4,2  0,22 of 46  18 of 106,13 of 37  14 of 101,4 of 4  1 of 1,5 of 5  3 of 4,14 of 28  1 of 37,6 of 10  1 of 3,2 of 8  16 of 66
0,Eric Schafer  Rob MacDonald,0  0,7 of 10  2 of 4,70%  50%,21 of 24  6 of 8,0 of 0  0 of 1,0%  0%,2  0,3  0,0  0,7 of 10  2 of 4,2 of 4  1 of 3,1 of 1  0 of 0,4 of 5  1 of 1,4 of 7  2 of 4,1 of 1  0 of 0,2 of 2  0 of 0
0,Wilson Gouveia  Wes Combs,0  0,9 of 20  10 of 17,45%  58%,15 of 26  10 of 17,1 of 1  0 of 0,100%  0%,1  0,2  0,0  0,9 of 20  10 of 17,5 of 14  0 of 6,0 of 0  1 of 1,4 of 6  9 of 10,8 of 19  10 of 17,0 of 0  0 of 0,1 of 1  0 of 0
0,David Heath  Cory Walmsley,0  0,3 of 6  2 of 2,50%  100%,19 of 22  13 of 13,1 of 1  0 of 0,100%  0%,3  0,2  0,0  0,3 of 6  2 of 2,3 of 6  1 of 1,0 of 0  1 of 1,0 of 0  0 of 0,0 of 0  1 of 1,0 of 0  1 of 1,3 of 6  0 of 0
0,Yushin Okami Alan Belcher,0  0,12 of 47  8 of 55,25%  14%,59 of 97  18 of 66,5 of 9  0 of 1,55%  0%,0  0,8  0,0  1,12 of 47  8 of 55,9 of 44  5 of 48,0 of 0  0 of 2,3 of 3  3 of 5,7 of 38  7 of 54,0 of 0  1 of 1,5 of 9  0 of 0
0,Diego Sanchez Karo Parisyan,0  0,66 of 108  36 of 92,61%  39%,118 of 171  78 of 139,3 of 3  9 of 10,100%  90%,1  0,6  1,1  0,66 of 108  36 of 92,36 of 77  36 of 92,30 of 31  0 of 0,0 of 0  0 of 0,19 of 48  21 of 56,15 of 19  6 of 12,32 of 41  9 of 24
0,Chris Leben Jorge Santiago,1  0,9 of 22  6 of 12,40%  50%,24 of 37  10 of 16,1 of 2  1 of 1,50%  100%,0  0,1  1,0  0,9 of 22  6 of 12,6 of 16  5 of 10,3 of 5  0 of 0,0 of 1  1 of 2,3 of 9  5 of 10,3 of 5  0 of 0,3 of 8  1 of 2
0,Dean Lister  Yuki Sasaki,0  0,24 of 51  26 of 66,47%  39%,57 of 86  32 of 72,5 of 17  0 of 0,29%  0%,2  0,4  0,1  0,24 of 51  26 of 66,19 of 44  19 of 57,2 of 3  2 of 4,3 of 4  5 of 5,13 of 32  22 of 56,3 of 9  4 of 10,8 of 10  0 of 0
0,Josh Koscheck Jonathan Goulet,1  0,23 of 30  1 of 2,76%  50%,31 of 38  1 of 2,1 of 1  0 of 1,100%  0%,1  0,2  0,0  0,23 of 30  1 of 2,22 of 29  0 of 1,0 of 0  1 of 1,1 of 1  0 of 0,3 of 6  1 of 2,0 of 0  0 of 0,20 of 24  0 of 0
0,Martin Kampmann Crafton Wallace,0  0,19 of 26  1 of 9,73%  11%,28 of 37  1 of 9,1 of 1  0 of 0,100%  0%,1  0,3  0,0  0,19 of 26  1 of 9,19 of 26  0 of 7,0 of 0  0 of 0,0 of 0  1 of 2,3 of 6  1 of 9,1 of 2  0 of 0,15 of 18  0 of 0
0,Joe Riggs Jason Von Flue,0  0,1 of 4  0 of 2,25%  0%,1 of 4  9 of 11,1 of 1  0 of 0,100%  0%,1  0,2  0,0  1,1 of 4  0 of 2,1 of 4  0 of 2,0 of 0  0 of 0,0 of 0  0 of 0,1 of 4  0 of 2,0 of 0  0 of 0,0 of 0  0 of 0
0,Jake O'Brien  Kristof Midoux,0  0,25 of 52  2 of 10,48%  20%,85 of 116  2 of 11,3 of 3  0 of 0,100%  0%,0  0,0  0,0  0,25 of 52  2 of 10,25 of 52  2 of 10,0 of 0  0 of 0,0 of 0  0 of 0,0 of 3  0 of 8,0 of 0  2 of 2,25 of 49  0 of 0
0,Forrest Petz  Sammy Morgan,5  0,45 of 83  8 of 44,54%  18%,102 of 149  58 of 98,6 of 6  0 of 7,100%  0%,0  1,3  0,0  0,45 of 83  8 of 44,27 of 64  3 of 38,17 of 18  4 of 5,1 of 1  1 of 1,21 of 47  7 of 32,10 of 12  1 of 12,14 of 24  0 of 0
0,Anthony Torres  Pat Healy,0  0,11 of 23  13 of 26,47%  50%,35 of 48  20 of 33,0 of 0  0 of 1,0%  0%,1  0,1  0,0  0,11 of 23  13 of 26,10 of 22  8 of 21,1 of 1  3 of 3,0 of 0  2 of 2,5 of 14  9 of 21,3 of 6  4 of 5,3 of 3  0 of 0
0,Tim Sylvia  Andrei Arlovski,0  0,97 of 263  66 of 327,36%  20%,99 of 265  68 of 330,0 of 0  0 of 1,0%  0%,0  0,0  0,0  0,97 of 263  66 of 327,68 of 230  39 of 291,7 of 9  8 of 16,22 of 24  19 of 20,88 of 252  64 of 322,9 of 11  2 of 5,0 of 0  0 of 0
0,Joshua Burkman Josh Neer,1  0,35 of 88  19 of 39,39%  48%,60 of 113  42 of 64,4 of 7  1 of 3,57%  33%,0  1,1  0,0  1,35 of 88  19 of 39,22 of 72  17 of 36,9 of 12  1 of 2,4 of 4  1 of 1,14 of 50  7 of 21,16 of 28  5 of 9,5 of 10  7 of 9
0,Tito Ortiz  Ken Shamrock,0  0,11 of 11  0 of 3,100%  0%,22 of 23  3 of 6,1 of 3  0 of 0,33%  0%,0  0,0  0,0  0,11 of 11  0 of 3,10 of 10  0 of 3,1 of 1  0 of 0,0 of 0  0 of 0,0 of 0  0 of 3,3 of 3  0 of 0,8 of 8  0 of 0
0,Frank Mir Dan Christison,0  0,53 of 89  48 of 85,59%  56%,111 of 152  84 of 123,3 of 6  0 of 0,50%  0%,0  1,4  0,0  0,53 of 89  48 of 85,19 of 53  26 of 59,30 of 32  8 of 12,4 of 4  14 of 14,7 of 14  22 of 46,25 of 26  20 of 33,21 of 49  6 of 6
0,Joe Stevenson  Yves Edwards,0  1,28 of 57  18 of 52,49%  34%,76 of 109  29 of 63,3 of 6  0 of 0,50%  0%,1  2,1  0,0  0,28 of 57  18 of 52,27 of 55  13 of 46,0 of 1  4 of 5,1 of 1  1 of 1,3 of 16  15 of 45,1 of 2  1 of 1,24 of 39  2 of 6
0,Hermes Franca  Joe Jordan,0  0,46 of 113  20 of 78,40%  25%,71 of 138  31 of 89,3 of 9  0 of 0,33%  0%,1  0,2  0,0  0,46 of 113  20 of 78,33 of 99  6 of 62,8 of 8  0 of 1,5 of 6  14 of 15,38 of 100  12 of 67,7 of 11  6 of 7,1 of 2  2 of 4
0,Jeff Monson  Anthony Perosh,1  0,18 of 26  8 of 17,69%  47%,25 of 33  10 of 19,0 of 2  0 of 0,0%  0%,0  0,0  0,1  0,18 of 26  8 of 17,14 of 22  3 of 12,2 of 2  3 of 3,2 of 2  2 of 2,1 of 4  4 of 12,9 of 13  4 of 5,8 of 9  0 of 0
0,Cheick Kongo Gilbert Aldana,0  0,24 of 28  6 of 8,85%  75%,33 of 37  20 of 23,1 of 1  2 of 3,100%  66%,0  0,0  2,0  0,24 of 28  6 of 8,15 of 19  5 of 7,7 of 7  1 of 1,2 of 2  0 of 0,1 of 2  0 of 0,20 of 22  0 of 0,3 of 4  6 of 8
0,Drew Fickett Kurt Pellegrino,0  0,18 of 35  25 of 47,51%  53%,70 of 92  84 of 114,1 of 1  5 of 9,100%  55%,2  0,1  3,1  0,18 of 35  25 of 47,11 of 28  13 of 33,4 of 4  10 of 11,3 of 3  2 of 3,9 of 23  5 of 19,3 of 4  7 of 11,6 of 8  13 of 17
0,Jonathan Goulet  Luke Cummo,0  2,18 of 34  13 of 21,52%  61%,65 of 87  30 of 40,6 of 9  0 of 0,66%  0%,0  3,11  3,1  0,18 of 34  13 of 21,14 of 28  9 of 17,3 of 4  3 of 3,1 of 2  1 of 1,2 of 5  6 of 9,0 of 0  4 of 6,16 of 29  3 of 6
0,Anderson Silva Chris Leben,2  0,17 of 20  1 of 8,85%  12%,17 of 20  1 of 8,0 of 0  0 of 0,0%  0%,0  0,0  0,0  0,17 of 20  1 of 8,17 of 20  1 of 8,0 of 0  0 of 0,0 of 0  0 of 0,13 of 14  1 of 8,1 of 1  0 of 0,3 of 5  0 of 0
0,Rashad Evans Stephan Bonnar,0  0,17 of 37  12 of 36,45%  33%,48 of 68  52 of 78,7 of 12  0 of 0,58%  0%,0  2,2  0,0  0,17 of 37  12 of 36,12 of 32  7 of 28,5 of 5  4 of 6,0 of 0  1 of 2,3 of 12  7 of 30,1 of 1  3 of 4,13 of 24  2 of 2
0,Mark Hominick Jorge Gurgel,0  0,43 of 158  36 of 211,27%  17%,43 of 158  36 of 211,0 of 0  0 of 5,0%  0%,0  0,0  0,0  0,43 of 158  36 of 211,26 of 135  14 of 178,14 of 19  1 of 5,3 of 4  21 of 28,43 of 158  36 of 211,0 of 0  0 of 0,0 of 0  0 of 0
0,Josh Koscheck Dave Menne,0  0,45 of 68  13 of 34,66%  38%,95 of 127  21 of 42,4 of 7  1 of 1,57%  100%,1  5,8  0,1  1,45 of 68  13 of 34,29 of 50  4 of 20,16 of 18  1 of 2,0 of 0  8 of 12,6 of 18  10 of 29,0 of 1  2 of 3,39 of 49  1 of 2
0,Jason Lambert  Branden Lee Hinkle,0  0,44 of 59  4 of 6,74%  66%,80 of 99  5 of 7,0 of 0  3 of 5,0%  60%,1  0,2  0,0  0,44 of 59  4 of 6,31 of 45  0 of 1,9 of 10  3 of 4,4 of 4  1 of 1,0 of 0  0 of 0,8 of 9  4 of 6,36 of 50  0 of 0
0,Jon Fitch Thiago Alves,1  0,51 of 72  1 of 1,70%  100%,104 of 129  2 of 2,3 of 4  1 of 1,75%  100%,2  3,5  0,0  0,51 of 72  1 of 1,43 of 63  0 of 0,6 of 6  0 of 0,2 of 3  1 of 1,1 of 3  1 of 1,7 of 7  0 of 0,43 of 62  0 of 0
0,Rob MacDonald  Kristian Rothaermel,0  0,10 of 17  3 of 6,58%  50%,14 of 23  16 of 19,4 of 4  0 of 3,100%  0%,3  0,3  0,0  0,10 of 17  3 of 6,9 of 16  1 of 3,0 of 0  0 of 1,1 of 1  2 of 2,1 of 4  2 of 4,0 of 0  1 of 2,9 of 13  0 of 0
0,Jorge Santiago Justin Levens,1  0,9 of 15  0 of 6,60%  0%,14 of 20  1 of 7,1 of 1  0 of 1,100%  0%,0  0,1  0,0  0,9 of 15  0 of 6,8 of 14  0 of 5,1 of 1  0 of 1,0 of 0  0 of 0,1 of 2  0 of 4,3 of 3  0 of 2,5 of 10  0 of 0
0,Kenny Florian Sam Stout,0  0,5 of 8  0 of 4,62%  0%,19 of 22  0 of 4,1 of 2  0 of 0,50%  0%,1  0,3  0,0  0,5 of 8  0 of 4,5 of 8  0 of 4,0 of 0  0 of 0,0 of 0  0 of 0,0 of 0  0 of 4,0 of 0  0 of 0,5 of 8  0 of 0
0,Michael Bisping Josh Haynes,2  0,41 of 61  8 of 22,67%  36%,52 of 72  16 of 30,4 of 5  0 of 1,80%  0%,4  0,8  0,0  1,41 of 61  8 of 22,25 of 43  5 of 19,13 of 14  3 of 3,3 of 4  0 of 0,9 of 17  3 of 12,19 of 26  5 of 8,13 of 18  0 of 2
0,Kendall Grove  Ed Herman,0  0,25 of 39  33 of 57,64%  57%,46 of 61  68 of 94,0 of 0  5 of 10,0%  50%,6  2,2  4,2  1,25 of 39  33 of 57,12 of 25  20 of 42,10 of 10  13 of 15,3 of 4  0 of 0,5 of 12  3 of 13,11 of 14  2 of 3,9 of 13  28 of 41
0,Keith Jardine  Wilson Gouveia,0  0,67 of 205  48 of 115,32%  41%,71 of 210  51 of 118,1 of 1  1 of 2,100%  50%,0  0,0  1,0  0,67 of 205  48 of 115,41 of 175  21 of 85,4 of 5  1 of 1,22 of 25  26 of 29,61 of 186  46 of 110,1 of 6  0 of 3,5 of 13  2 of 2
0,Rory Singer  Ross Pointon,0  1,2 of 4  4 of 20,50%  20%,2 of 4  7 of 23,0 of 0  0 of 0,0%  0%,1  0,0  0,0  0,2 of 4  4 of 20,1 of 3  4 of 19,1 of 1  0 of 0,0 of 0  0 of 1,2 of 4  4 of 18,0 of 0  0 of 0,0 of 0  0 of 2
0,Kalib Starnes  Danny Abbadi,0  0,21 of 29  3 of 9,72%  33%,25 of 33  6 of 12,1 of 2  0 of 0,50%  0%,1  0,3  0,0  0,21 of 29  3 of 9,10 of 17  2 of 8,11 of 12  1 of 1,0 of 0  0 of 0,2 of 5  1 of 5,5 of 5  2 of 4,14 of 19  0 of 0
0,Luigi Fioravanti  Solomon Hutcherson,1  0,11 of 31  11 of 28,35%  39%,19 of 41  25 of 44,1 of 1  1 of 1,100%  100%,0  0,1  1,1  1,11 of 31  11 of 28,7 of 22  5 of 18,3 of 7  5 of 9,1 of 2  1 of 1,4 of 12  5 of 17,5 of 17  6 of 11,2 of 2  0 of 0
0,Matt Hamill Jesse Forbes,0  0,33 of 48  9 of 21,68%  42%,93 of 117  16 of 28,1 of 1  0 of 0,100%  0%,0  0,0  0,0  0,33 of 48  9 of 21,30 of 45  4 of 15,1 of 1  3 of 4,2 of 2  2 of 2,9 of 18  8 of 19,16 of 19  1 of 2,8 of 11  0 of 0
0,Mike Nickels  Wes Combs,0  0,22 of 37  4 of 12,59%  33%,41 of 56  17 of 32,3 of 3  0 of 0,100%  0%,1  0,1  0,0  0,22 of 37  4 of 12,12 of 23  3 of 9,10 of 14  0 of 2,0 of 0  1 of 1,1 of 4  2 of 7,8 of 14  2 of 5,13 of 19  0 of 0
0,Matt Hughes Royce Gracie,0  0,32 of 40  7 of 11,80%  63%,33 of 41  14 of 18,1 of 1  0 of 0,100%  0%,1  0,4  0,0  0,32 of 40  7 of 11,22 of 29  0 of 3,8 of 9  2 of 2,2 of 2  5 of 6,3 of 4  5 of 8,1 of 1  2 of 3,28 of 35  0 of 0
0,Dean Lister  Alessio Sakara,0  0,1 of 2  1 of 3,50%  33%,6 of 8  4 of 6,0 of 1  0 of 0,0%  0%,2  0,0  0,0  0,1 of 2  1 of 3,1 of 2  1 of 3,0 of 0  0 of 0,0 of 0  0 of 0,1 of 2  1 of 3,0 of 0  0 of 0,0 of 0  0 of 0
0,Diego Sanchez John Alessio,0  0,9 of 67  17 of 57,13%  29%,25 of 87  23 of 63,1 of 16  0 of 0,6%  0%,0  1,1  0,0  0,9 of 67  17 of 57,8 of 62  15 of 54,1 of 5  0 of 1,0 of 0  2 of 2,7 of 64  16 of 55,2 of 3  1 of 2,0 of 0  0 of 0
0,Brandon Vera Assuerio Silva,0  0,8 of 29  9 of 17,27%  52%,8 of 29  11 of 19,0 of 0  1 of 1,0%  100%,1  0,0  0,0  0,8 of 29  9 of 17,3 of 19  1 of 9,2 of 6  5 of 5,3 of 4  3 of 3,8 of 29  6 of 14,0 of 0  1 of 1,0 of 0  2 of 2
0,Mike Swick Joe Riggs,0  0,5 of 12  1 of 4,41%  25%,6 of 13  2 of 5,0 of 0  0 of 2,0%  0%,1  0,0  0,0  0,5 of 12  1 of 4,1 of 7  0 of 3,2 of 2  0 of 0,2 of 3  1 of 1,2 of 9  0 of 3,3 of 3  1 of 1,0 of 0  0 of 0
0,Jeremy Horn  Chael Sonnen,0  0,3 of 5  6 of 18,60%  33%,5 of 7  34 of 52,0 of 0  3 of 3,0%  100%,4  0,0  0,0  0,3 of 5  6 of 18,3 of 5  5 of 17,0 of 0  1 of 1,0 of 0  0 of 0,1 of 3  1 of 2,0 of 0  0 of 0,2 of 2  5 of 16
0,Spencer Fisher Matt Wiman,1  0,27 of 39  10 of 19,69%  52%,44 of 58  29 of 42,0 of 0  1 of 4,0%  25%,0  4,2  2,0  0,27 of 39  10 of 19,10 of 20  7 of 14,12 of 13  2 of 4,5 of 6  1 of 1,6 of 9  1 of 8,14 of 19  4 of 5,7 of 11  5 of 6
0,Gabriel Gonzaga Fabiano Scherner,1  0,16 of 30  8 of 25,53%  32%,34 of 50  24 of 41,3 of 4  0 of 1,75%  0%,0  0,1  1,0  1,16 of 30  8 of 25,11 of 25  6 of 20,3 of 3  2 of 5,2 of 2  0 of 0,8 of 19  5 of 14,4 of 4  3 of 10,4 of 7  0 of 1
0,Melvin Guillard Rick Davis,1  0,10 of 28  5 of 10,35%  50%,10 of 28  5 of 10,0 of 0  0 of 0,0%  0%,0  0,0  0,0  0,10 of 28  5 of 10,7 of 24  2 of 3,2 of 2  2 of 5,1 of 2  1 of 2,6 of 20  5 of 10,4 of 8  0 of 0,0 of 0  0 of 0
0,Tim Sylvia  Andrei Arlovski,1  1,13 of 30  11 of 24,43%  45%,13 of 30  12 of 26,0 of 0  0 of 0,0%  0%,0  0,0  0,0  0,13 of 30  11 of 24,13 of 30  7 of 18,0 of 0  3 of 5,0 of 0  1 of 1,7 of 24  9 of 20,0 of 0  2 of 4,6 of 6  0 of 0
0,Sean Sherk Nick Diaz,0  0,39 of 155  57 of 136,25%  41%,80 of 198  131 of 210,2 of 19  1 of 1,10%  100%,0  3,0  0,1  1,39 of 155  57 of 136,30 of 146  47 of 125,5 of 5  9 of 10,4 of 4  1 of 1,17 of 90  45 of 116,22 of 65  11 of 18,0 of 0  1 of 2
0,Tito Ortiz  Forrest Griffin,0  0,61 of 125  58 of 170,48%  34%,94 of 163  81 of 200,3 of 12  0 of 0,25%  0%,0  0,2  0,0  0,61 of 125  58 of 170,57 of 121  52 of 158,2 of 2  2 of 3,2 of 2  4 of 9,35 of 77  58 of 170,0 of 0  0 of 0,26 of 48  0 of 0
0,Evan Tanner  Justin Levens,0  0,10 of 17  2 of 4,58%  50%,16 of 24  6 of 8,1 of 2  0 of 0,50%  0%,2  1,1  0,0  0,10 of 17  2 of 4,6 of 11  0 of 1,2 of 3  1 of 2,2 of 3  1 of 1,1 of 1  1 of 2,3 of 7  1 of 2,6 of 9  0 of 0
0,Jeff Monson  Marcio Cruz,0  0,32 of 110  40 of 106,29%  37%,154 of 240  51 of 118,2 of 2  0 of 5,100%  0%,0  0,1  0,0  0,32 of 110  40 of 106,16 of 93  14 of 79,11 of 12  5 of 5,5 of 5  21 of 22,16 of 89  34 of 98,10 of 11  6 of 8,6 of 10  0 of 0
0,Karo Parisyan  Nick Thompson,0  0,18 of 30  2 of 7,60%  28%,23 of 41  4 of 9,2 of 3  1 of 1,66%  100%,0  0,7  0,0  0,18 of 30  2 of 7,16 of 28  1 of 6,2 of 2  0 of 0,0 of 0  1 of 1,1 of 2  1 of 2,0 of 0  1 of 3,17 of 28  0 of 2
0,David Terrell  Scott Smith,0  0,10 of 14  3 of 6,71%  50%,21 of 25  4 of 7,1 of 4  0 of 0,25%  0%,2  0,1  0,0  0,10 of 14  3 of 6,6 of 9  1 of 3,1 of 1  1 of 1,3 of 4  1 of 2,1 of 3  2 of 3,4 of 4  0 of 0,5 of 7  1 of 3
0,Jason Lambert  Terry Martin,0  0,31 of 39  15 of 26,79%  57%,66 of 75  29 of 41,0 of 2  1 of 4,0%  25%,0  0,1  1,0  0,31 of 39  15 of 26,16 of 24  6 of 17,9 of 9  1 of 1,6 of 6  8 of 8,0 of 6  2 of 7,17 of 18  9 of 14,14 of 15  4 of 5
0,Thiago Alves Derrick Noble,1  0,11 of 27  18 of 45,40%  40%,19 of 36  26 of 53,0 of 0  0 of 0,0%  0%,0  0,0  0,0  0,11 of 27  18 of 45,5 of 17  10 of 34,4 of 5  4 of 6,2 of 5  4 of 5,5 of 19  7 of 27,4 of 6  11 of 18,2 of 2  0 of 0
0,Stephan Bonnar Keith Jardine,1  0,33 of 93  64 of 118,35%  54%,52 of 113  90 of 146,1 of 6  0 of 1,16%  0%,1  0,1  0,0  0,33 of 93  64 of 118,20 of 77  34 of 81,10 of 10  15 of 17,3 of 6  15 of 20,24 of 84  46 of 99,9 of 9  18 of 19,0 of 0  0 of 0
0,Rashad Evans Sam Hoger,0  0,23 of 72  18 of 72,31%  25%,46 of 95  59 of 113,9 of 11  0 of 1,81%  0%,0  2,0  0,0  0,23 of 72  18 of 72,19 of 67  8 of 54,4 of 5  9 of 17,0 of 0  1 of 1,17 of 58  14 of 65,5 of 10  4 of 7,1 of 4  0 of 0
0,Josh Neer Joe Stevenson,1  0,46 of 126  31 of 56,36%  55%,68 of 150  80 of 117,0 of 0  2 of 2,0%  100%,0  3,1  2,0  0,46 of 126  31 of 56,46 of 126  17 of 37,0 of 0  5 of 10,0 of 0  9 of 9,12 of 57  19 of 34,1 of 3  4 of 6,33 of 66  8 of 16
0,Chris Leben Luigi Fioravanti,0  0,36 of 90  20 of 39,40%  51%,200 of 259  41 of 60,5 of 7  0 of 5,71%  0%,0  0,6  0,0  0,36 of 90  20 of 39,26 of 68  9 of 27,8 of 18  3 of 4,2 of 4  8 of 8,4 of 17  5 of 11,20 of 51  15 of 28,12 of 22  0 of 0
0,Luke Cummo  Jason Von Flue,0  0,43 of 108  17 of 57,39%  29%,97 of 165  29 of 69,3 of 4  2 of 9,75%  22%,3  1,2  2,0  0,43 of 108  17 of 57,18 of 73  9 of 46,13 of 23  5 of 8,12 of 12  3 of 3,22 of 69  10 of 43,13 of 25  7 of 12,8 of 14  0 of 2
0,Jon Fitch Joshua Burkman,1  0,25 of 50  20 of 35,50%  57%,122 of 149  20 of 35,3 of 4  1 of 3,75%  33%,1  1,3  0,0  0,25 of 50  20 of 35,18 of 41  3 of 17,4 of 6  0 of 0,3 of 3  17 of 18,7 of 14  4 of 16,9 of 18  16 of 19,9 of 18  0 of 0
0,Dan Christison  Brad Imes,0  0,73 of 148  58 of 157,49%  36%,91 of 167  80 of 183,0 of 0  2 of 2,0%  100%,1  0,1  0,1  1,73 of 148  58 of 157,39 of 110  48 of 143,10 of 12  8 of 12,24 of 26  2 of 2,56 of 117  31 of 97,16 of 28  16 of 36,1 of 3  11 of 24
0,Josh Koscheck Ansar Chalangov,0  0,2 of 11  2 of 4,18%  50%,6 of 15  2 of 4,2 of 2  0 of 0,100%  0%,1  1,7  0,0  0,2 of 11  2 of 4,2 of 9  2 of 4,0 of 0  0 of 0,0 of 2  0 of 0,0 of 8  2 of 4,0 of 0  0 of 0,2 of 3  0 of 0
0,Chael Sonnen Trevor Prangley,0  0,25 of 59  7 of 22,42%  31%,109 of 174  29 of 45,7 of 17  0 of 2,41%  0%,0  2,3  1,0  0,25 of 59  7 of 22,17 of 47  5 of 20,6 of 10  2 of 2,2 of 2  0 of 0,3 of 11  5 of 17,5 of 9  1 of 2,17 of 39  1 of 3
0,Rich Franklin David Loiseau,2  1,127 of 244  21 of 72,52%  29%,211 of 339  26 of 78,5 of 6  1 of 1,83%  100%,0  0,8  0,1  0,127 of 244  21 of 72,82 of 190  11 of 57,42 of 51  10 of 15,3 of 3  0 of 0,74 of 172  17 of 63,32 of 46  4 of 9,21 of 26  0 of 0
0,Mike Swick Steve Vigneault,0  0,13 of 22  6 of 13,59%  46%,13 of 22  8 of 15,0 of 0  0 of 1,0%  0%,1  0,0  0,0  0,13 of 22  6 of 13,4 of 12  1 of 7,0 of 0  1 of 2,9 of 10  4 of 4,4 of 12  1 of 7,9 of 10  5 of 6,0 of 0  0 of 0
0,Georges St-Pierre BJ Penn,0  0,59 of 135  37 of 85,43%  43%,135 of 212  101 of 156,4 of 5  1 of 1,80%  100%,0  1,0  0,0  0,59 of 135  37 of 85,38 of 102  28 of 76,7 of 10  8 of 8,14 of 23  1 of 1,46 of 108  28 of 71,7 of 18  9 of 14,6 of 9  0 of 0
0,Nate Marquardt Joe Doerksen,0  1,56 of 103  26 of 80,54%  32%,71 of 118  71 of 125,5 of 5  2 of 8,100%  25%,2  0,6  2,1  0,56 of 103  26 of 80,36 of 80  19 of 70,7 of 10  5 of 8,13 of 13  2 of 2,44 of 82  21 of 69,5 of 12  2 of 4,7 of 9  3 of 7
0,Mark Hominick Yves Edwards,0  0,22 of 58  20 of 74,37%  27%,31 of 67  21 of 75,0 of 0  1 of 2,0%  50%,1  0,0  0,0  0,22 of 58  20 of 74,13 of 49  10 of 63,6 of 6  5 of 6,3 of 3  5 of 5,11 of 45  17 of 69,11 of 13  3 of 5,0 of 0  0 of 0
0,Sam Stout Spencer Fisher,0  0,62 of 183  53 of 148,33%  35%,76 of 199  77 of 172,0 of 0  4 of 9,0%  44%,0  3,1  4,0  1,62 of 183  53 of 148,38 of 152  31 of 116,15 of 22  15 of 24,9 of 9  7 of 8,40 of 148  36 of 116,19 of 29  12 of 18,3 of 6  5 of 14
0,Jason Lambert  Rob MacDonald,1  0,7 of 16  3 of 9,43%  33%,13 of 24  3 of 9,1 of 2  0 of 0,50%  0%,1  0,1  0,0  0,7 of 16  3 of 9,5 of 14  3 of 9,1 of 1  0 of 0,1 of 1  0 of 0,2 of 7  1 of 4,4 of 7  2 of 5,1 of 2  0 of 0
0,Tom Murphy  Icho Larenas,0  0,30 of 42  2 of 13,71%  15%,82 of 100  15 of 29,6 of 7  0 of 0,85%  0%,2  0,2  0,0  0,30 of 42  2 of 13,30 of 42  1 of 11,0 of 0  1 of 1,0 of 0  0 of 1,0 of 4  0 of 9,4 of 7  2 of 4,26 of 31  0 of 0
0,Chuck Liddell  Randy Couture,1  0,19 of 51  7 of 24,37%  29%,27 of 59  7 of 24,0 of 0  1 of 3,0%  33%,0  0,0  0,0  0,19 of 51  7 of 24,18 of 49  6 of 23,0 of 1  0 of 0,1 of 1  1 of 1,14 of 46  6 of 23,1 of 1  1 of 1,4 of 4  0 of 0
0,Brandon Vera Justin Eilers,1  0,7 of 10  4 of 7,70%  57%,7 of 10  8 of 11,0 of 0  0 of 0,0%  0%,0  0,0  0,0  0,7 of 10  4 of 7,3 of 4  0 of 3,2 of 3  0 of 0,2 of 3  4 of 4,4 of 7  0 of 3,2 of 2  4 of 4,1 of 1  0 of 0
0,Marcio Cruz  Frank Mir,0  0,31 of 44  3 of 6,70%  50%,72 of 87  6 of 9,1 of 2  1 of 1,50%  100%,0  0,1  0,0  0,31 of 44  3 of 6,22 of 35  0 of 3,9 of 9  3 of 3,0 of 0  0 of 0,1 of 6  0 of 3,0 of 0  2 of 2,30 of 38  1 of 1
0,Renato Sobral  Mike van Arsdale,0  0,9 of 12  1 of 4,75%  25%,11 of 14  3 of 6,0 of 1  0 of 1,0%  0%,1  0,1  1,1  0,9 of 12  1 of 4,1 of 3  1 of 4,1 of 2  0 of 0,7 of 7  0 of 0,2 of 3  1 of 4,6 of 7  0 of 0,1 of 2  0 of 0
0,Joe Riggs Nick Diaz,0  1,51 of 116  38 of 106,43%  35%,69 of 135  126 of 200,3 of 8  0 of 7,37%  0%,0  1,0  0,0  0,51 of 116  38 of 106,42 of 105  23 of 82,9 of 11  10 of 17,0 of 0  5 of 7,28 of 70  15 of 68,21 of 40  21 of 34,2 of 6  2 of 4
0,Alessio Sakara Elvis Sinosic,0  0,70 of 146  13 of 37,47%  35%,146 of 234  151 of 185,9 of 9  0 of 0,100%  0%,0  0,3  0,0  0,70 of 146  13 of 37,61 of 136  3 of 25,8 of 9  0 of 0,1 of 1  10 of 12,21 of 42  11 of 35,2 of 2  2 of 2,47 of 102  0 of 0
0,Paul Buentello  Gilbert Aldana,0  0,49 of 71  28 of 54,69%  51%,67 of 89  38 of 65,1 of 2  0 of 2,50%  0%,1  0,1  0,0  0,49 of 71  28 of 54,33 of 53  19 of 43,12 of 14  5 of 5,4 of 4  4 of 6,10 of 20  6 of 14,33 of 45  19 of 36,6 of 6  3 of 4
0,Jeff Monson  Branden Lee Hinkle,0  0,10 of 11  5 of 8,90%  62%,28 of 31  10 of 13,1 of 3  0 of 0,33%  0%,1  1,2  1,1  0,10 of 11  5 of 8,3 of 4  3 of 6,6 of 6  2 of 2,1 of 1  0 of 0,0 of 0  0 of 3,3 of 4  2 of 2,7 of 7  3 of 3
0,Keith Jardine  Mike Whitehead,0  0,44 of 131  27 of 73,33%  36%,90 of 177  37 of 83,0 of 0  5 of 12,0%  41%,0  0,0  3,0  0,44 of 131  27 of 73,35 of 120  15 of 58,2 of 3  8 of 9,7 of 8  4 of 6,38 of 115  22 of 63,6 of 16  3 of 7,0 of 0  2 of 3
0,Tim Sylvia  Assuerio Silva,0  0,85 of 224  36 of 79,37%  45%,137 of 276  43 of 86,0 of 0  0 of 5,0%  0%,0  0,0  0,0  0,85 of 224  36 of 79,51 of 185  9 of 39,21 of 24  16 of 24,13 of 15  11 of 16,69 of 202  32 of 73,14 of 20  4 of 6,2 of 2  0 of 0
0,Stephan Bonnar James Irvin,0  0,2 of 5  5 of 6,40%  83%,22 of 25  8 of 9,2 of 3  0 of 0,66%  0%,2  0,3  0,0  0,2 of 5  5 of 6,2 of 5  1 of 2,0 of 0  3 of 3,0 of 0  1 of 1,0 of 3  2 of 3,0 of 0  3 of 3,2 of 2  0 of 0
0,Joshua Burkman Drew Fickett,0  0,7 of 9  2 of 8,77%  25%,8 of 10  2 of 8,0 of 0  0 of 0,0%  0%,1  0,0  0,0  0,7 of 9  2 of 8,1 of 3  1 of 5,0 of 0  1 of 2,6 of 6  0 of 1,3 of 5  1 of 7,4 of 4  1 of 1,0 of 0  0 of 0
0,Chris Leben Jorge Rivera,1  0,10 of 17  5 of 10,58%  50%,16 of 23  6 of 11,1 of 1  0 of 0,100%  0%,0  0,1  0,0  0,10 of 17  5 of 10,6 of 11  3 of 8,4 of 6  2 of 2,0 of 0  0 of 0,0 of 5  2 of 6,5 of 7  3 of 4,5 of 5  0 of 0
0,Josh Neer Melvin Guillard,0  0,3 of 9  11 of 51,33%  21%,8 of 14  12 of 53,1 of 1  2 of 2,100%  100%,2  0,1  0,0  0,3 of 9  11 of 51,2 of 8  5 of 41,0 of 0  1 of 5,1 of 1  5 of 5,2 of 7  6 of 32,0 of 0  1 of 3,1 of 2  4 of 16
0,Duane Ludwig Jonathan Goulet,1  0,1 of 1  0 of 1,100%  0%,1 of 1  0 of 1,0 of 0  0 of 0,0%  0%,0  0,0  0,0  0,1 of 1  0 of 1,1 of 1  0 of 1,0 of 0  0 of 0,0 of 0  0 of 0,1 of 1  0 of 1,0 of 0  0 of 0,0 of 0  0 of 0
0,Spencer Fisher Aaron Riley,0  0,25 of 65  9 of 23,38%  39%,30 of 70  17 of 32,0 of 0  2 of 4,0%  50%,0  0,0  1,0  0,25 of 65  9 of 23,13 of 51  2 of 15,10 of 12  4 of 5,2 of 2  3 of 3,18 of 54  1 of 13,7 of 11  7 of 9,0 of 0  1 of 1
0,Jason Von Flue  Alex Karalexis,0  0,28 of 68  18 of 60,41%  30%,50 of 90  35 of 77,0 of 2  1 of 5,0%  20%,2  3,1  1,0  0,28 of 68  18 of 60,18 of 51  14 of 54,10 of 17  2 of 4,0 of 0  2 of 2,13 of 42  6 of 39,15 of 26  10 of 19,0 of 0  2 of 2
